îN,åé,ì˙,éûÅiUTCÅj,ë‰ïóî‘çÜ,ë‰ïóñº,äKãâ,à‹ìx,åoìx,íÜêSãCà≥,ç≈ëÂïóë¨,50KTí∑åaï˚å¸,50KTí∑åa,50KTíZåa,30KTí∑åaï˚å¸,30KTí∑åa,30KTíZåa,è„ó§
2024,5,23,18,2401,EWINIAR,2,8.3,129.6,1004,0,0,0,0,0,0,0,0
2024,5,24,0,2401,EWINIAR,2,8.5,128.3,1006,0,0,0,0,0,0,0,0
2024,5,24,6,2401,EWINIAR,2,9.4,127.5,1004,0,0,0,0,0,0,0,0
2024,5,24,12,2401,EWINIAR,2,10.3,126.3,1006,0,0,0,0,0,0,0,0
2024,5,24,18,2401,EWINIAR,2,11.3,125.3,1004,0,0,0,0,0,0,0,0
2024,5,25,0,2401,EWINIAR,2,12.3,123.8,1006,0,0,0,0,0,0,0,0
2024,5,25,6,2401,EWINIAR,2,12.8,123.2,1004,0,0,0,0,0,0,0,0
2024,5,25,12,2401,EWINIAR,3,13.4,122.3,1002,35,0,0,0,9,30,30,0
2024,5,25,18,2401,EWINIAR,3,13.7,121.8,998,45,0,0,0,9,30,30,0
2024,5,26,0,2401,EWINIAR,4,14.1,121.4,994,50,0,0,0,9,60,60,0
2024,5,26,6,2401,EWINIAR,4,14.3,121.7,990,55,9,20,20,9,60,60,0
2024,5,26,12,2401,EWINIAR,5,14.9,122.2,980,65,9,20,20,9,60,60,0
2024,5,26,18,2401,EWINIAR,5,15.5,122.5,975,70,9,20,20,9,60,60,0
2024,5,27,0,2401,EWINIAR,5,15.8,122.8,970,75,9,20,20,9,90,90,0
2024,5,27,6,2401,EWINIAR,5,16.4,123.5,970,70,9,20,20,3,120,60,0
2024,5,27,12,2401,EWINIAR,5,17.2,123.9,970,70,9,20,20,3,120,60,0
2024,5,27,18,2401,EWINIAR,5,17.8,124.5,970,70,9,20,20,3,120,60,0
2024,5,28,0,2401,EWINIAR,5,18.5,125.5,975,65,9,30,30,3,150,90,0
2024,5,28,6,2401,EWINIAR,5,19.8,126.6,975,65,9,30,30,3,150,90,0
2024,5,28,12,2401,EWINIAR,5,21.1,128.2,975,65,9,30,30,3,150,90,0
2024,5,28,18,2401,EWINIAR,5,23.0,129.3,975,65,9,30,30,3,150,90,0
2024,5,29,0,2401,EWINIAR,4,24.3,130.9,980,60,4,40,20,3,150,90,0
2024,5,29,3,2401,EWINIAR,4,24.9,131.6,980,60,4,40,20,3,150,90,0
2024,5,29,6,2401,EWINIAR,4,25.6,132.2,980,60,4,40,20,3,150,90,0
2024,5,29,12,2401,EWINIAR,4,26.4,133.1,985,55,4,40,20,3,150,90,0
2024,5,29,18,2401,EWINIAR,4,27.5,134.0,990,50,0,0,0,3,150,90,0
2024,5,30,0,2401,EWINIAR,3,28.0,134.7,992,45,0,0,0,3,180,60,0
2024,5,30,6,2401,EWINIAR,3,28.9,135.9,996,40,0,0,0,3,180,60,0
2024,5,30,12,2401,EWINIAR,3,29.8,136.9,996,40,0,0,0,3,180,60,0
2024,5,30,18,2401,EWINIAR,6,31.4,137.7,998,0,0,0,0,0,0,0,0
2024,5,31,0,2401,EWINIAR,6,33.0,140.1,1000,0,0,0,0,0,0,0,0
2024,5,31,6,2401,EWINIAR,6,34.9,143.2,996,0,0,0,0,0,0,0,0
2024,5,31,12,2401,EWINIAR,6,36.5,146.8,994,0,0,0,0,0,0,0,0
2024,5,31,18,2401,EWINIAR,6,38.0,150.9,992,0,0,0,0,0,0,0,0
2024,6,1,0,2401,EWINIAR,6,39.1,155.1,992,0,0,0,0,0,0,0,0
2024,6,1,6,2401,EWINIAR,6,40.5,159.2,992,0,0,0,0,0,0,0,0
2024,6,1,12,2401,EWINIAR,6,41.5,162.9,992,0,0,0,0,0,0,0,0
2024,6,1,18,2401,EWINIAR,6,43.0,168.5,992,0,0,0,0,0,0,0,0
2024,6,2,0,2401,EWINIAR,6,44.6,174.3,992,0,0,0,0,0,0,0,0
2024,6,2,6,2401,EWINIAR,6,46.2,179.1,992,0,0,0,0,0,0,0,0
2024,6,2,12,2401,EWINIAR,6,47.9,184.9,988,0,0,0,0,0,0,0,0
2024,5,30,0,2402,MALIKSI,2,18.0,111.9,1002,0,0,0,0,0,0,0,0
2024,5,30,6,2402,MALIKSI,2,18.2,111.9,1000,0,0,0,0,0,0,0,0
2024,5,30,12,2402,MALIKSI,2,18.3,111.9,1000,0,0,0,0,0,0,0,0
2024,5,30,18,2402,MALIKSI,2,18.9,112.2,1000,0,0,0,0,0,0,0,0
2024,5,31,0,2402,MALIKSI,3,19.8,112.6,998,35,0,0,0,4,180,60,0
2024,5,31,6,2402,MALIKSI,3,20.3,111.9,998,35,0,0,0,4,180,60,0
2024,5,31,12,2402,MALIKSI,2,21.2,111.3,1000,0,0,0,0,0,0,0,0
2024,5,31,18,2402,MALIKSI,2,21.8,111.5,1000,0,0,0,0,0,0,0,0
2024,6,1,0,2402,MALIKSI,2,22.4,111.8,1004,0,0,0,0,0,0,0,0
2024,6,1,6,2402,MALIKSI,2,23.5,112.3,1004,0,0,0,0,0,0,0,0
2024,6,1,12,2402,MALIKSI,2,24.0,113.4,1004,0,0,0,0,0,0,0,0
2024,6,1,18,2402,MALIKSI,2,24.8,115.2,1006,0,0,0,0,0,0,0,0
2024,6,2,0,2402,MALIKSI,6,24.9,116.4,1006,0,0,0,0,0,0,0,0
2024,6,2,6,2402,MALIKSI,6,24.8,120.0,1004,0,0,0,0,0,0,0,0
2024,6,2,12,2402,MALIKSI,6,23.8,123.3,1004,0,0,0,0,0,0,0,0
2024,6,2,18,2402,MALIKSI,6,23.8,124.2,1002,0,0,0,0,0,0,0,0
2024,6,3,0,2402,MALIKSI,6,23.9,126.4,1004,0,0,0,0,0,0,0,0
2024,6,3,6,2402,MALIKSI,6,24.0,128.2,1002,0,0,0,0,0,0,0,0
2024,6,3,12,2402,MALIKSI,6,24.1,129.8,1002,0,0,0,0,0,0,0,0
2024,6,3,18,2402,MALIKSI,6,24.5,131.6,1002,0,0,0,0,0,0,0,0
2024,6,4,0,2402,MALIKSI,6,24.8,133.7,1004,0,0,0,0,0,0,0,0
2024,6,4,6,2402,MALIKSI,6,24.8,135.1,1004,0,0,0,0,0,0,0,0
2024,6,4,12,2402,MALIKSI,6,24.9,136.4,1006,0,0,0,0,0,0,0,0
2024,6,4,18,2402,MALIKSI,6,24.9,137.3,1008,0,0,0,0,0,0,0,0
2024,6,5,0,2402,MALIKSI,6,24.8,138.0,1010,0,0,0,0,0,0,0,0
2024,6,5,6,2402,MALIKSI,6,24.8,139.0,1010,0,0,0,0,0,0,0,0
2024,7,19,0,2403,GAEMI,2,11.4,133.1,1004,0,0,0,0,0,0,0,0
2024,7,19,6,2403,GAEMI,2,12.6,132.3,1004,0,0,0,0,0,0,0,0
2024,7,19,12,2403,GAEMI,2,14.1,131.3,1006,0,0,0,0,0,0,0,0
2024,7,19,18,2403,GAEMI,2,14.9,129.6,1004,0,0,0,0,0,0,0,0
2024,7,20,0,2403,GAEMI,3,15.5,128.5,1002,35,0,0,0,9,180,180,0
2024,7,20,6,2403,GAEMI,3,16.2,127.5,1000,40,0,0,0,9,180,180,0
2024,7,20,12,2403,GAEMI,3,16.3,126.8,998,40,0,0,0,9,180,180,0
2024,7,20,18,2403,GAEMI,3,16.3,126.2,998,40,0,0,0,9,180,180,0
2024,7,21,0,2403,GAEMI,3,16.4,125.7,994,45,0,0,0,9,180,180,0
2024,7,21,6,2403,GAEMI,4,16.4,125.6,992,50,0,0,0,9,180,180,0
2024,7,21,12,2403,GAEMI,4,16.5,125.5,992,50,0,0,0,9,180,180,0
2024,7,21,18,2403,GAEMI,4,16.8,125.5,985,60,9,20,20,9,240,240,0
2024,7,22,0,2403,GAEMI,5,17.2,125.5,980,65,9,30,30,9,240,240,0
2024,7,22,6,2403,GAEMI,5,17.7,125.5,980,65,9,40,40,9,240,240,0
2024,7,22,12,2403,GAEMI,5,18.2,125.4,980,65,9,50,50,3,350,270,0
2024,7,22,18,2403,GAEMI,5,18.7,125.2,975,70,9,60,60,3,350,270,0
2024,7,23,0,2403,GAEMI,5,19.5,125.1,970,75,9,60,60,3,350,270,0
2024,7,23,6,2403,GAEMI,5,20.7,125.0,970,75,9,60,60,3,350,270,0
2024,7,23,12,2403,GAEMI,5,22.0,124.5,965,75,9,60,60,3,375,270,0
2024,7,23,15,2403,GAEMI,5,22.6,123.9,955,80,9,60,60,3,375,270,0
2024,7,23,18,2403,GAEMI,5,22.8,123.5,950,85,9,60,60,3,375,270,0
2024,7,23,21,2403,GAEMI,5,23.1,123.4,945,85,9,60,60,3,375,270,0
2024,7,24,0,2403,GAEMI,5,23.6,123.2,945,85,4,70,50,2,375,270,0
2024,7,24,3,2403,GAEMI,5,23.9,122.9,935,90,4,70,50,2,375,270,0
2024,7,24,6,2403,GAEMI,5,24.2,122.5,935,90,4,70,50,2,375,270,0
2024,7,24,9,2403,GAEMI,5,24.1,121.9,950,75,3,90,70,2,375,270,0
2024,7,24,12,2403,GAEMI,5,23.5,121.6,960,65,3,90,70,2,375,270,0
2024,7,24,15,2403,GAEMI,4,24.1,121.8,970,60,3,90,70,2,375,270,0
2024,7,24,18,2403,GAEMI,4,24.8,121.4,970,60,3,90,70,2,375,270,0
2024,7,25,0,2403,GAEMI,4,25.1,120.3,970,60,3,90,70,4,400,270,0
2024,7,25,6,2403,GAEMI,4,25.2,119.7,975,55,3,90,70,4,400,270,0
2024,7,25,12,2403,GAEMI,4,25.4,119.2,980,50,0,0,0,4,400,270,0
2024,7,25,18,2403,GAEMI,3,25.7,118.9,980,45,0,0,0,4,400,270,0
2024,7,26,0,2403,GAEMI,3,26.4,118.3,985,40,0,0,0,4,400,270,0
2024,7,26,6,2403,GAEMI,3,27.5,117.7,988,35,0,0,0,4,400,270,0
2024,7,26,12,2403,GAEMI,3,27.9,116.8,990,35,0,0,0,4,400,270,0
2024,7,26,18,2403,GAEMI,2,27.9,115.9,992,0,0,0,0,0,0,0,0
2024,7,27,0,2403,GAEMI,2,28.4,115.2,996,0,0,0,0,0,0,0,0
2024,7,27,6,2403,GAEMI,2,28.6,114.7,996,0,0,0,0,0,0,0,0
2024,7,27,12,2403,GAEMI,2,29.1,114.0,998,0,0,0,0,0,0,0,0
2024,7,27,18,2403,GAEMI,2,29.6,113.6,998,0,0,0,0,0,0,0,0
2024,7,28,0,2403,GAEMI,2,29.9,112.6,1000,0,0,0,0,0,0,0,0
2024,7,28,6,2403,GAEMI,2,29.5,110.9,998,0,0,0,0,0,0,0,0
2024,7,28,12,2403,GAEMI,2,29.8,109.5,998,0,0,0,0,0,0,0,0
2024,7,28,18,2403,GAEMI,2,30.2,108.7,998,0,0,0,0,0,0,0,0
2024,7,20,0,2404,PRAPIROON,2,14.6,115.6,1002,0,0,0,0,0,0,0,0
2024,7,20,6,2404,PRAPIROON,2,15.3,115.1,1002,0,0,0,0,0,0,0,0
2024,7,20,12,2404,PRAPIROON,2,15.7,113.6,1002,0,0,0,0,0,0,0,0
2024,7,20,18,2404,PRAPIROON,2,16.1,112.1,1000,0,0,0,0,0,0,0,0
2024,7,21,0,2404,PRAPIROON,3,16.0,111.3,998,35,0,0,0,9,90,90,0
2024,7,21,6,2404,PRAPIROON,3,16.6,111.1,998,35,0,0,0,9,90,90,0
2024,7,21,12,2404,PRAPIROON,3,17.5,110.6,996,40,0,0,0,9,120,120,0
2024,7,21,18,2404,PRAPIROON,3,18.6,110.2,992,45,0,0,0,9,120,120,0
2024,7,22,0,2404,PRAPIROON,4,19.5,109.2,990,50,0,0,0,9,120,120,0
2024,7,22,6,2404,PRAPIROON,4,20.1,108.5,985,55,9,30,30,9,120,120,0
2024,7,22,12,2404,PRAPIROON,4,20.5,108.1,985,55,9,30,30,9,120,120,0
2024,7,22,18,2404,PRAPIROON,4,21.1,107.8,985,55,9,30,30,9,120,120,0
2024,7,23,0,2404,PRAPIROON,3,21.5,107.5,990,45,0,0,0,9,120,120,0
2024,7,23,6,2404,PRAPIROON,3,21.6,107.6,992,35,0,0,0,9,120,120,0
2024,7,23,12,2404,PRAPIROON,2,21.5,106.7,994,0,0,0,0,0,0,0,0
2024,7,23,18,2404,PRAPIROON,2,21.5,106.4,994,0,0,0,0,0,0,0,0
2024,7,24,0,2404,PRAPIROON,2,21.6,106.5,994,0,0,0,0,0,0,0,0
2024,7,24,6,2404,PRAPIROON,2,21.7,106.6,994,0,0,0,0,0,0,0,0
2024,7,24,12,2404,PRAPIROON,2,21.7,106.6,994,0,0,0,0,0,0,0,0
2024,7,24,18,2404,PRAPIROON,2,20.8,107.4,994,0,0,0,0,0,0,0,0
2024,8,5,6,2405,MARIA,2,24.0,140.8,1004,0,0,0,0,0,0,0,0
2024,8,5,12,2405,MARIA,2,24.1,140.3,1004,0,0,0,0,0,0,0,0
2024,8,5,18,2405,MARIA,2,24.4,140.1,1002,0,0,0,0,0,0,0,0
2024,8,6,0,2405,MARIA,2,25.0,140.2,1004,0,0,0,0,0,0,0,0
2024,8,6,6,2405,MARIA,2,25.5,140.3,1002,0,0,0,0,0,0,0,0
2024,8,6,12,2405,MARIA,2,26.0,140.8,1000,0,0,0,0,0,0,0,0
2024,8,6,18,2405,MARIA,2,26.1,141.1,998,0,0,0,0,0,0,0,0
2024,8,7,0,2405,MARIA,2,26.1,141.2,998,0,0,0,0,0,0,0,0
2024,8,7,6,2405,MARIA,2,25.8,141.4,998,0,0,0,0,0,0,0,0
2024,8,7,12,2405,MARIA,2,25.6,142.2,998,0,0,0,0,0,0,0,0
2024,8,7,18,2405,MARIA,3,25.7,142.7,996,35,0,0,0,3,120,90,0
2024,8,8,0,2405,MARIA,3,26.6,144.0,994,40,0,0,0,3,150,90,0
2024,8,8,6,2405,MARIA,3,27.6,144.7,990,45,0,0,0,3,150,90,0
2024,8,8,12,2405,MARIA,4,28.7,145.3,985,50,0,0,0,3,150,90,0
2024,8,8,18,2405,MARIA,4,29.8,145.6,980,55,9,30,30,2,250,120,0
2024,8,9,0,2405,MARIA,4,30.8,146.0,980,55,9,30,30,2,250,120,0
2024,8,9,6,2405,MARIA,4,32.4,146.0,980,55,9,30,30,2,250,120,0
2024,8,9,12,2405,MARIA,4,33.3,145.9,980,55,9,30,30,2,250,120,0
2024,8,9,18,2405,MARIA,4,34.2,146.0,980,55,9,30,30,1,250,120,0
2024,8,10,0,2405,MARIA,3,35.0,146.0,985,45,0,0,0,1,280,150,0
2024,8,10,6,2405,MARIA,3,36.0,145.5,985,45,0,0,0,1,280,150,0
2024,8,10,12,2405,MARIA,4,36.5,145.2,980,50,0,0,0,1,280,180,0
2024,8,10,18,2405,MARIA,4,36.9,145.0,980,50,0,0,0,1,280,180,0
2024,8,11,0,2405,MARIA,4,37.6,144.4,980,50,0,0,0,1,280,180,0
2024,8,11,6,2405,MARIA,4,37.7,143.9,980,50,0,0,0,1,270,150,0
2024,8,11,9,2405,MARIA,4,37.8,143.6,980,50,0,0,0,1,270,150,0
2024,8,11,12,2405,MARIA,4,37.9,143.4,980,50,0,0,0,1,240,150,0
2024,8,11,15,2405,MARIA,4,38.0,143.0,980,50,0,0,0,1,240,150,0
2024,8,11,18,2405,MARIA,4,38.3,142.6,980,50,0,0,0,1,240,150,0
2024,8,11,21,2405,MARIA,4,38.7,142.1,985,50,0,0,0,1,240,150,0
2024,8,11,23,2405,MARIA,4,38.9,141.8,985,50,0,0,0,1,240,150,1
2024,8,12,0,2405,MARIA,3,39.0,141.7,992,45,0,0,0,1,240,120,0
2024,8,12,3,2405,MARIA,3,39.3,141.2,994,40,0,0,0,1,180,120,0
2024,8,12,6,2405,MARIA,2,39.9,140.5,998,0,0,0,0,0,0,0,0
2024,8,12,12,2405,MARIA,2,40.4,139.8,1002,0,0,0,0,0,0,0,0
2024,8,12,18,2405,MARIA,2,41.1,139.4,1002,0,0,0,0,0,0,0,0
2024,8,13,0,2405,MARIA,2,41.4,139.0,1004,0,0,0,0,0,0,0,0
2024,8,13,6,2405,MARIA,2,42.3,139.0,1004,0,0,0,0,0,0,0,0
2024,8,13,12,2405,MARIA,2,42.2,139.0,1006,0,0,0,0,0,0,0,0
2024,8,13,18,2405,MARIA,2,42.2,139.0,1006,0,0,0,0,0,0,0,0
2024,8,14,0,2405,MARIA,2,41.4,139.4,1006,0,0,0,0,0,0,0,0
2024,8,14,6,2405,MARIA,2,41.2,140.2,1006,0,0,0,0,0,0,0,0
2024,8,14,12,2405,MARIA,2,41.6,141.5,1006,0,0,0,0,0,0,0,0
2024,8,10,12,2406,SON-TINH,2,26.5,154.1,1000,0,0,0,0,0,0,0,0
2024,8,10,18,2406,SON-TINH,2,26.8,155.0,998,0,0,0,0,0,0,0,0
2024,8,11,0,2406,SON-TINH,3,27.4,155.1,996,35,0,0,0,2,180,60,0
2024,8,11,6,2406,SON-TINH,3,27.8,155.0,996,35,0,0,0,2,180,60,0
2024,8,11,12,2406,SON-TINH,3,28.8,154.5,994,40,0,0,0,2,180,60,0
2024,8,11,18,2406,SON-TINH,3,30.2,154.4,996,35,0,0,0,2,180,60,0
2024,8,12,0,2406,SON-TINH,3,31.5,152.5,998,35,0,0,0,2,180,60,0
2024,8,12,6,2406,SON-TINH,3,32.3,151.5,998,35,0,0,0,2,180,60,0
2024,8,12,12,2406,SON-TINH,3,32.9,150.5,998,35,0,0,0,2,180,60,0
2024,8,12,18,2406,SON-TINH,3,34.2,149.2,998,35,0,0,0,2,180,60,0
2024,8,13,0,2406,SON-TINH,3,35.2,147.8,1000,35,0,0,0,2,150,60,0
2024,8,13,6,2406,SON-TINH,3,36.1,146.7,1000,35,0,0,0,2,150,60,0
2024,8,13,12,2406,SON-TINH,2,37.0,146.0,1004,0,0,0,0,0,0,0,0
2024,8,13,18,2406,SON-TINH,2,38.7,145.6,1006,0,0,0,0,0,0,0,0
2024,8,14,0,2406,SON-TINH,2,39.8,145.7,1006,0,0,0,0,0,0,0,0
2024,8,14,6,2406,SON-TINH,2,41.7,146.5,1006,0,0,0,0,0,0,0,0
2024,8,14,12,2406,SON-TINH,2,43.4,148.0,1004,0,0,0,0,0,0,0,0
2024,8,14,18,2406,SON-TINH,2,44.6,150.4,1004,0,0,0,0,0,0,0,0
2024,8,15,0,2406,SON-TINH,6,47.3,154.7,1002,0,0,0,0,0,0,0,0
2024,8,15,6,2406,SON-TINH,6,47.5,157.7,1000,0,0,0,0,0,0,0,0
2024,8,15,12,2406,SON-TINH,6,47.6,161.0,996,0,0,0,0,0,0,0,0
2024,8,15,18,2406,SON-TINH,6,47.0,164.4,992,0,0,0,0,0,0,0,0
2024,8,16,0,2406,SON-TINH,6,45.7,168.4,990,0,0,0,0,0,0,0,0
2024,8,16,6,2406,SON-TINH,6,45.8,173.1,988,0,0,0,0,0,0,0,0
2024,8,16,12,2406,SON-TINH,6,47.8,176.3,986,0,0,0,0,0,0,0,0
2024,8,16,18,2406,SON-TINH,6,50.9,179.0,984,0,0,0,0,0,0,0,0
2024,8,17,0,2406,SON-TINH,6,53.6,180.9,978,0,0,0,0,0,0,0,0
2024,8,11,12,2407,AMPIL,2,21.7,134.9,1002,0,0,0,0,0,0,0,0
2024,8,11,18,2407,AMPIL,2,22.0,135.4,1000,0,0,0,0,0,0,0,0
2024,8,12,0,2407,AMPIL,2,22.4,135.8,1000,0,0,0,0,0,0,0,0
2024,8,12,6,2407,AMPIL,2,22.7,136.1,998,0,0,0,0,0,0,0,0
2024,8,12,12,2407,AMPIL,3,23.1,136.6,996,35,0,0,0,3,120,90,0
2024,8,12,18,2407,AMPIL,3,23.6,137.1,996,35,0,0,0,3,120,90,0
2024,8,13,0,2407,AMPIL,3,24.2,137.9,994,40,0,0,0,3,120,90,0
2024,8,13,6,2407,AMPIL,3,24.7,138.7,990,45,0,0,0,3,120,90,0
2024,8,13,12,2407,AMPIL,4,25.3,139.0,985,55,9,30,30,3,150,90,0
2024,8,13,18,2407,AMPIL,4,25.5,139.4,975,60,3,40,30,3,150,90,0
2024,8,14,0,2407,AMPIL,4,26.1,140.3,975,60,3,50,30,3,150,120,0
2024,8,14,6,2407,AMPIL,4,26.8,140.9,975,60,3,50,30,3,150,120,0
2024,8,14,12,2407,AMPIL,4,27.5,141.3,975,60,3,50,30,3,210,120,0
2024,8,14,18,2407,AMPIL,4,28.5,141.3,975,60,3,60,40,3,240,120,0
2024,8,15,0,2407,AMPIL,5,29.5,141.2,970,65,3,60,40,3,270,150,0
2024,8,15,6,2407,AMPIL,5,30.6,141.1,965,70,3,70,50,3,270,150,0
2024,8,15,9,2407,AMPIL,5,31.1,141.0,955,80,3,70,50,3,270,150,0
2024,8,15,12,2407,AMPIL,5,31.6,140.8,950,85,3,90,60,3,270,150,0
2024,8,15,15,2407,AMPIL,5,32.0,140.8,950,85,3,90,60,3,270,150,0
2024,8,15,18,2407,AMPIL,5,32.6,140.8,950,85,3,90,50,3,240,150,0
2024,8,15,21,2407,AMPIL,5,33.2,140.9,950,85,3,90,50,3,240,150,0
2024,8,16,0,2407,AMPIL,5,33.5,140.7,950,85,3,90,50,3,240,150,0
2024,8,16,3,2407,AMPIL,5,33.8,140.8,950,85,3,90,50,3,240,150,0
2024,8,16,6,2407,AMPIL,5,34.1,141.1,950,85,3,90,50,3,240,150,0
2024,8,16,9,2407,AMPIL,5,34.5,141.7,950,85,3,90,50,3,210,120,0
2024,8,16,12,2407,AMPIL,5,35.0,142.0,950,85,3,90,50,3,210,120,0
2024,8,16,15,2407,AMPIL,5,35.5,142.3,950,85,3,90,50,3,210,120,0
2024,8,16,18,2407,AMPIL,5,35.9,142.9,950,85,3,90,50,3,210,120,0
2024,8,17,0,2407,AMPIL,5,36.6,143.8,950,85,3,70,40,3,210,120,0
2024,8,17,6,2407,AMPIL,5,37.3,145.6,955,70,3,70,40,3,210,120,0
2024,8,17,12,2407,AMPIL,5,37.3,148.2,960,65,3,70,40,3,210,120,0
2024,8,17,18,2407,AMPIL,4,38.3,150.1,965,60,3,70,40,3,240,150,0
2024,8,18,0,2407,AMPIL,4,39.5,152.8,970,55,3,90,60,3,270,180,0
2024,8,18,6,2407,AMPIL,4,40.5,155.3,970,55,3,90,60,2,300,210,0
2024,8,18,12,2407,AMPIL,4,41.8,158.0,975,50,0,0,0,2,400,270,0
2024,8,18,18,2407,AMPIL,4,43.1,160.7,975,50,0,0,0,2,400,270,0
2024,8,19,0,2407,AMPIL,6,44.2,162.5,976,0,0,0,0,0,0,0,0
2024,8,19,6,2407,AMPIL,6,46.1,164.8,976,0,0,0,0,0,0,0,0
2024,8,19,12,2407,AMPIL,6,47.9,167.8,976,0,0,0,0,0,0,0,0
2024,8,19,18,2407,AMPIL,6,50.7,170.4,972,0,0,0,0,0,0,0,0
2024,8,20,0,2407,AMPIL,6,53.9,170.6,964,0,0,0,0,0,0,0,0
2024,8,20,6,2407,AMPIL,6,55.5,170.5,960,0,0,0,0,0,0,0,0
2024,8,20,12,2407,AMPIL,6,56.9,171.4,962,0,0,0,0,0,0,0,0
2024,8,20,18,2407,AMPIL,6,57.8,172.3,968,0,0,0,0,0,0,0,0
2024,8,21,0,2407,AMPIL,6,59.1,174.8,968,0,0,0,0,0,0,0,0
2024,8,21,6,2407,AMPIL,6,60.4,178.1,972,0,0,0,0,0,0,0,0
2024,8,11,18,2408,WUKONG,2,23.9,146.7,1002,0,0,0,0,0,0,0,0
2024,8,12,0,2408,WUKONG,2,24.5,147.9,1004,0,0,0,0,0,0,0,0
2024,8,12,6,2408,WUKONG,2,25.4,148.6,1004,0,0,0,0,0,0,0,0
2024,8,12,12,2408,WUKONG,2,25.9,149.4,1006,0,0,0,0,0,0,0,0
2024,8,12,18,2408,WUKONG,2,26.2,149.8,1004,0,0,0,0,0,0,0,0
2024,8,13,0,2408,WUKONG,3,26.4,150.1,1002,35,0,0,0,3,120,90,0
2024,8,13,6,2408,WUKONG,3,26.5,150.4,1002,35,0,0,0,3,120,90,0
2024,8,13,12,2408,WUKONG,3,27.2,150.5,1004,35,0,0,0,3,120,90,0
2024,8,13,18,2408,WUKONG,3,28.3,149.8,1002,35,0,0,0,3,120,90,0
2024,8,14,0,2408,WUKONG,3,29.2,149.2,1002,35,0,0,0,3,90,60,0
2024,8,14,6,2408,WUKONG,3,30.6,147.9,1002,35,0,0,0,3,90,60,0
2024,8,14,12,2408,WUKONG,2,31.8,147.2,1006,0,0,0,0,0,0,0,0
2024,8,14,18,2408,WUKONG,2,34.2,146.6,1006,0,0,0,0,0,0,0,0
2024,8,15,0,2408,WUKONG,2,35.8,146.3,1008,0,0,0,0,0,0,0,0
2024,8,15,6,2408,WUKONG,2,37.2,147.2,1008,0,0,0,0,0,0,0,0
2024,8,15,12,2408,WUKONG,2,38.9,148.2,1008,0,0,0,0,0,0,0,0
2024,8,15,18,2408,WUKONG,2,40.2,150.5,1008,0,0,0,0,0,0,0,0
2024,8,16,0,2408,WUKONG,2,39.9,152.7,1008,0,0,0,0,0,0,0,0
2024,8,16,6,2408,WUKONG,2,39.5,156.5,1008,0,0,0,0,0,0,0,0
2024,8,16,12,2408,WUKONG,6,39.4,160.5,1006,0,0,0,0,0,0,0,0
2024,8,16,18,2408,WUKONG,6,39.3,163.7,1006,0,0,0,0,0,0,0,0
2024,8,17,0,2408,WUKONG,6,39.2,166.9,1004,0,0,0,0,0,0,0,0
2024,8,17,6,2408,WUKONG,6,39.1,169.7,1004,0,0,0,0,0,0,0,0
2024,8,17,12,2408,WUKONG,6,38.9,172.5,1004,0,0,0,0,0,0,0,0
2024,8,17,18,2408,WUKONG,6,39.0,175.0,1004,0,0,0,0,0,0,0,0
2024,8,18,0,2408,WUKONG,6,39.3,176.4,1004,0,0,0,0,0,0,0,0
2024,8,18,6,2408,WUKONG,6,39.1,177.7,1006,0,0,0,0,0,0,0,0
2024,8,18,12,2408,WUKONG,6,39.0,178.9,1008,0,0,0,0,0,0,0,0
2024,8,18,18,2408,WUKONG,6,39.4,179.6,1008,0,0,0,0,0,0,0,0
2024,8,19,0,2408,WUKONG,6,39.5,179.8,1010,0,0,0,0,0,0,0,0
2024,8,19,6,2408,WUKONG,6,39.7,180.1,1010,0,0,0,0,0,0,0,0
2024,8,18,0,2409,JONGDARI,2,23.5,126.8,1004,0,0,0,0,0,0,0,0
2024,8,18,6,2409,JONGDARI,2,23.8,126.5,1000,0,0,0,0,0,0,0,0
2024,8,18,12,2409,JONGDARI,3,24.1,126.4,998,35,0,0,0,3,150,90,0
2024,8,18,18,2409,JONGDARI,3,24.6,126.2,998,35,0,0,0,3,150,90,0
2024,8,19,0,2409,JONGDARI,3,25.2,126.2,998,35,0,0,0,3,150,90,0
2024,8,19,6,2409,JONGDARI,3,26.3,126.0,996,40,0,0,0,3,150,90,0
2024,8,19,12,2409,JONGDARI,3,27.6,125.9,996,40,0,0,0,3,150,90,0
2024,8,19,18,2409,JONGDARI,3,29.4,125.6,996,40,0,0,0,3,150,90,0
2024,8,20,0,2409,JONGDARI,3,31.0,125.8,998,40,0,0,0,3,150,90,0
2024,8,20,6,2409,JONGDARI,3,32.6,125.4,998,35,0,0,0,3,150,90,0
2024,8,20,12,2409,JONGDARI,3,34.0,126.0,1002,35,0,0,0,3,150,90,0
2024,8,20,18,2409,JONGDARI,3,36.6,125.4,1004,35,0,0,0,3,150,90,0
2024,8,21,0,2409,JONGDARI,2,37.7,126.1,1006,0,0,0,0,0,0,0,0
2024,8,21,6,2409,JONGDARI,2,39.0,127.9,1006,0,0,0,0,0,0,0,0
2024,8,21,12,2409,JONGDARI,2,40.2,130.3,1006,0,0,0,0,0,0,0,0
2024,8,21,18,2409,JONGDARI,2,42.3,132.1,1004,0,0,0,0,0,0,0,0
2024,8,22,0,2409,JONGDARI,6,42.1,133.7,1002,0,0,0,0,0,0,0,0
2024,8,22,6,2409,JONGDARI,6,43.6,136.0,1000,0,0,0,0,0,0,0,0
2024,8,22,12,2409,JONGDARI,6,44.7,138.3,1000,0,0,0,0,0,0,0,0
2024,8,20,6,2410,SHANSHAN,2,14.8,147.7,1008,0,0,0,0,0,0,0,0
2024,8,20,12,2410,SHANSHAN,2,15.2,146.3,1010,0,0,0,0,0,0,0,0
2024,8,20,18,2410,SHANSHAN,2,15.6,145.1,1008,0,0,0,0,0,0,0,0
2024,8,21,0,2410,SHANSHAN,2,16.0,144.0,1008,0,0,0,0,0,0,0,0
2024,8,21,6,2410,SHANSHAN,2,16.5,143.4,1008,0,0,0,0,0,0,0,0
2024,8,21,12,2410,SHANSHAN,2,16.6,142.9,1006,0,0,0,0,0,0,0,0
2024,8,21,18,2410,SHANSHAN,3,16.6,142.2,1002,35,0,0,0,2,120,90,0
2024,8,22,0,2410,SHANSHAN,3,16.7,141.7,1000,40,0,0,0,2,120,90,0
2024,8,22,6,2410,SHANSHAN,3,16.6,141.6,998,45,0,0,0,2,120,90,0
2024,8,22,12,2410,SHANSHAN,4,16.6,141.6,990,55,9,30,30,2,150,120,0
2024,8,22,18,2410,SHANSHAN,4,16.6,141.4,985,60,9,30,30,2,150,120,0
2024,8,23,0,2410,SHANSHAN,4,17.4,141.5,985,60,9,30,30,2,150,120,0
2024,8,23,6,2410,SHANSHAN,4,17.8,141.4,985,60,9,30,30,2,150,120,0
2024,8,23,12,2410,SHANSHAN,4,18.1,141.4,985,60,9,30,30,1,150,120,0
2024,8,23,18,2410,SHANSHAN,4,18.7,141.3,985,60,9,30,30,1,150,120,0
2024,8,24,0,2410,SHANSHAN,5,20.0,141.3,980,65,9,40,40,1,180,120,0
2024,8,24,6,2410,SHANSHAN,5,21.7,141.0,980,65,9,40,40,1,180,120,0
2024,8,24,12,2410,SHANSHAN,5,22.3,140.8,980,65,9,40,40,1,180,120,0
2024,8,24,18,2410,SHANSHAN,5,23.6,140.2,980,65,9,40,40,1,180,120,0
2024,8,25,0,2410,SHANSHAN,5,24.6,139.0,980,65,9,40,40,1,180,120,0
2024,8,25,6,2410,SHANSHAN,5,25.7,137.6,980,65,9,40,40,1,180,120,0
2024,8,25,12,2410,SHANSHAN,5,26.3,136.3,980,65,9,40,40,1,210,120,0
2024,8,25,18,2410,SHANSHAN,5,26.8,135.0,980,65,9,40,40,1,210,120,0
2024,8,26,0,2410,SHANSHAN,5,27.2,133.8,980,65,9,40,40,1,210,120,0
2024,8,26,6,2410,SHANSHAN,5,27.5,132.8,980,65,9,40,40,1,210,120,0
2024,8,26,12,2410,SHANSHAN,5,27.7,132.0,980,65,9,40,40,2,210,120,0
2024,8,26,15,2410,SHANSHAN,5,27.8,131.6,975,70,9,50,50,2,210,120,0
2024,8,26,18,2410,SHANSHAN,5,28.0,131.2,970,75,9,50,50,2,210,120,0
2024,8,26,21,2410,SHANSHAN,5,28.1,131.0,960,80,9,50,50,2,210,120,0
2024,8,27,0,2410,SHANSHAN,5,28.2,130.8,950,85,9,50,50,2,210,120,0
2024,8,27,3,2410,SHANSHAN,5,28.3,130.6,950,85,9,50,50,2,210,120,0
2024,8,27,6,2410,SHANSHAN,5,28.5,130.4,950,85,9,50,50,2,210,120,0
2024,8,27,9,2410,SHANSHAN,5,28.6,130.3,950,85,9,50,50,2,210,120,0
2024,8,27,12,2410,SHANSHAN,5,28.6,130.3,940,90,9,60,60,2,210,120,0
2024,8,27,15,2410,SHANSHAN,5,28.8,130.3,935,95,9,60,60,2,210,150,0
2024,8,27,18,2410,SHANSHAN,5,29.0,130.1,935,95,9,60,60,2,210,150,0
2024,8,27,21,2410,SHANSHAN,5,29.0,130.0,935,95,9,60,60,2,210,150,0
2024,8,28,0,2410,SHANSHAN,5,29.2,130.1,935,95,9,60,60,2,210,150,0
2024,8,28,3,2410,SHANSHAN,5,29.6,130.1,935,95,9,60,60,2,210,150,0
2024,8,28,6,2410,SHANSHAN,5,30.0,130.1,935,95,9,60,60,2,210,150,0
2024,8,28,9,2410,SHANSHAN,5,30.2,130.1,935,95,9,60,60,2,210,150,0
2024,8,28,12,2410,SHANSHAN,5,30.6,130.2,935,90,9,60,60,9,210,210,0
2024,8,28,15,2410,SHANSHAN,5,30.8,130.0,940,85,9,60,60,9,210,210,0
2024,8,28,18,2410,SHANSHAN,5,31.3,130.0,945,85,9,60,60,9,210,210,0
2024,8,28,21,2410,SHANSHAN,5,31.7,130.1,955,75,9,60,60,9,210,210,0
2024,8,28,23,2410,SHANSHAN,5,31.9,130.3,955,75,9,60,60,9,210,210,1
2024,8,29,0,2410,SHANSHAN,5,32.2,130.3,960,75,9,60,60,9,210,210,0
2024,8,29,3,2410,SHANSHAN,5,32.5,130.2,970,65,9,60,60,9,210,210,0
2024,8,29,6,2410,SHANSHAN,4,32.7,130.2,980,55,9,60,60,9,210,210,0
2024,8,29,9,2410,SHANSHAN,4,32.8,130.4,985,50,0,0,0,9,210,210,0
2024,8,29,12,2410,SHANSHAN,3,32.8,130.5,990,45,0,0,0,9,210,210,0
2024,8,29,15,2410,SHANSHAN,3,32.9,130.6,992,40,0,0,0,9,210,210,0
2024,8,29,18,2410,SHANSHAN,3,33.1,130.8,992,40,0,0,0,9,210,210,0
2024,8,29,21,2410,SHANSHAN,3,33.2,131.3,992,40,0,0,0,9,210,210,0
2024,8,30,0,2410,SHANSHAN,3,33.5,131.6,994,35,0,0,0,9,180,180,0
2024,8,30,3,2410,SHANSHAN,3,33.7,131.9,994,35,0,0,0,9,180,180,0
2024,8,30,6,2410,SHANSHAN,3,33.8,132.4,994,35,0,0,0,9,180,180,0
2024,8,30,12,2410,SHANSHAN,2,34.0,133.6,996,0,0,0,0,0,0,0,0
2024,8,30,18,2410,SHANSHAN,2,33.6,134.1,996,0,0,0,0,0,0,0,0
2024,8,31,0,2410,SHANSHAN,2,33.3,135.1,996,0,0,0,0,0,0,0,0
2024,8,31,6,2410,SHANSHAN,2,33.1,135.9,996,0,0,0,0,0,0,0,0
2024,8,31,12,2410,SHANSHAN,2,32.9,137.1,996,0,0,0,0,0,0,0,0
2024,8,31,18,2410,SHANSHAN,2,33.1,137.1,998,0,0,0,0,0,0,0,0
2024,9,1,0,2410,SHANSHAN,2,33.2,137.0,1002,0,0,0,0,0,0,0,0
2024,9,1,6,2410,SHANSHAN,2,33.9,136.9,1002,0,0,0,0,0,0,0,0
2024,9,1,12,2410,SHANSHAN,2,35.1,136.3,1006,0,0,0,0,0,0,0,0
2024,8,31,12,2411,YAGI,2,12.1,128.9,1004,0,0,0,0,0,0,0,0
2024,8,31,18,2411,YAGI,2,12.1,127.6,1004,0,0,0,0,0,0,0,0
2024,9,1,0,2411,YAGI,2,12.1,126.4,1002,0,0,0,0,0,0,0,0
2024,9,1,6,2411,YAGI,3,13.1,125.1,1000,35,0,0,0,9,90,90,0
2024,9,1,12,2411,YAGI,3,14.0,124.4,1000,35,0,0,0,9,90,90,0
2024,9,1,18,2411,YAGI,3,14.5,123.2,996,40,0,0,0,9,90,90,0
2024,9,2,0,2411,YAGI,3,15.3,122.9,994,45,0,0,0,9,90,90,0
2024,9,2,6,2411,YAGI,3,16.2,122.2,994,45,0,0,0,9,90,90,0
2024,9,2,12,2411,YAGI,3,17.3,121.7,996,40,0,0,0,9,90,90,0
2024,9,2,18,2411,YAGI,3,18.1,121.0,1000,35,0,0,0,9,90,90,0
2024,9,3,0,2411,YAGI,3,18.2,119.6,996,40,0,0,0,9,90,90,0
2024,9,3,6,2411,YAGI,3,18.5,119.0,992,45,0,0,0,9,90,90,0
2024,9,3,12,2411,YAGI,4,18.8,118.7,990,50,0,0,0,9,120,120,0
2024,9,3,18,2411,YAGI,4,18.9,118.3,980,60,9,30,30,9,150,150,0
2024,9,4,0,2411,YAGI,5,19.0,117.6,970,70,9,45,45,9,150,150,0
2024,9,4,6,2411,YAGI,5,19.2,117.4,955,80,9,50,50,9,150,150,0
2024,9,4,12,2411,YAGI,5,19.2,117.0,940,90,9,60,60,9,180,180,0
2024,9,4,18,2411,YAGI,5,19.2,116.2,925,100,9,70,70,9,180,180,0
2024,9,5,0,2411,YAGI,5,19.0,115.8,915,105,9,80,80,9,210,210,0
2024,9,5,6,2411,YAGI,5,19.3,115.1,915,105,9,80,80,9,210,210,0
2024,9,5,12,2411,YAGI,5,19.3,114.2,915,105,9,80,80,9,210,210,0
2024,9,5,18,2411,YAGI,5,19.2,113.0,915,105,9,80,80,9,210,210,0
2024,9,6,0,2411,YAGI,5,19.2,112.2,915,105,9,80,80,9,240,240,0
2024,9,6,6,2411,YAGI,5,19.8,111.3,915,105,9,80,80,9,240,240,0
2024,9,6,12,2411,YAGI,5,20.0,110.2,930,95,9,80,80,9,240,240,0
2024,9,6,18,2411,YAGI,5,20.3,109.0,945,85,9,80,80,9,210,210,0
2024,9,7,0,2411,YAGI,5,20.5,108.1,940,85,9,80,80,9,210,210,0
2024,9,7,6,2411,YAGI,5,21.0,107.0,935,90,9,80,80,9,180,180,0
2024,9,7,12,2411,YAGI,4,20.9,106.0,980,55,9,50,50,9,150,150,0
2024,9,7,18,2411,YAGI,3,20.8,105.7,992,40,0,0,0,9,120,120,0
2024,9,8,0,2411,YAGI,3,20.8,105.1,996,35,0,0,0,9,120,120,0
2024,9,8,6,2411,YAGI,3,21.3,104.9,996,35,0,0,0,9,120,120,0
2024,9,8,12,2411,YAGI,2,21.5,104.2,998,0,0,0,0,0,0,0,0
2024,9,8,18,2411,YAGI,2,22.1,103.5,1000,0,0,0,0,0,0,0,0
2024,9,9,0,2411,YAGI,2,22.4,103.0,1000,0,0,0,0,0,0,0,0
2024,9,9,6,2411,YAGI,2,22.0,101.4,1000,0,0,0,0,0,0,0,0
2024,9,9,12,2411,YAGI,2,21.7,100.7,1000,0,0,0,0,0,0,0,0
2024,9,1,12,2412,LEEPI,2,22.2,147.1,1012,0,0,0,0,0,0,0,0
2024,9,1,18,2412,LEEPI,2,22.6,146.8,1010,0,0,0,0,0,0,0,0
2024,9,2,0,2412,LEEPI,2,22.9,146.6,1012,0,0,0,0,0,0,0,0
2024,9,2,6,2412,LEEPI,2,23.6,146.5,1010,0,0,0,0,0,0,0,0
2024,9,2,12,2412,LEEPI,2,24.0,146.8,1012,0,0,0,0,0,0,0,0
2024,9,2,18,2412,LEEPI,2,24.6,147.3,1010,0,0,0,0,0,0,0,0
2024,9,3,0,2412,LEEPI,2,24.8,147.3,1010,0,0,0,0,0,0,0,0
2024,9,3,6,2412,LEEPI,2,25.0,147.1,1008,0,0,0,0,0,0,0,0
2024,9,3,12,2412,LEEPI,2,25.7,147.6,1008,0,0,0,0,0,0,0,0
2024,9,3,18,2412,LEEPI,2,26.6,147.1,1006,0,0,0,0,0,0,0,0
2024,9,4,0,2412,LEEPI,2,27.8,147.0,1006,0,0,0,0,0,0,0,0
2024,9,4,6,2412,LEEPI,2,29.2,146.9,1004,0,0,0,0,0,0,0,0
2024,9,4,12,2412,LEEPI,2,30.2,147.2,1006,0,0,0,0,0,0,0,0
2024,9,4,18,2412,LEEPI,2,31.3,146.2,1004,0,0,0,0,0,0,0,0
2024,9,5,0,2412,LEEPI,3,32.2,145.9,1002,35,0,0,0,3,60,30,0
2024,9,5,6,2412,LEEPI,3,33.2,145.8,1002,35,0,0,0,3,60,30,0
2024,9,5,12,2412,LEEPI,3,33.9,145.9,1004,35,0,0,0,3,90,30,0
2024,9,5,18,2412,LEEPI,3,34.9,146.9,1004,35,0,0,0,3,90,30,0
2024,9,6,0,2412,LEEPI,3,35.8,148.2,1004,35,0,0,0,3,90,30,0
2024,9,6,6,2412,LEEPI,3,36.9,149.7,1004,35,0,0,0,3,90,30,0
2024,9,6,12,2412,LEEPI,2,37.8,151.1,1006,0,0,0,0,0,0,0,0
2024,9,6,18,2412,LEEPI,2,39.0,153.1,1008,0,0,0,0,0,0,0,0
2024,9,7,0,2412,LEEPI,6,40.6,155.6,1008,0,0,0,0,0,0,0,0
2024,9,7,6,2412,LEEPI,6,42.3,157.3,1008,0,0,0,0,0,0,0,0
2024,9,7,12,2412,LEEPI,6,44.1,160.6,1006,0,0,0,0,0,0,0,0
2024,9,7,18,2412,LEEPI,6,46.5,165.0,1006,0,0,0,0,0,0,0,0
2024,9,8,0,2412,LEEPI,6,47.7,169.0,1004,0,0,0,0,0,0,0,0
2024,9,8,6,2412,LEEPI,6,50.4,173.8,1004,0,0,0,0,0,0,0,0
2024,9,8,12,2412,LEEPI,6,52.5,179.7,1004,0,0,0,0,0,0,0,0
2024,9,8,18,2412,LEEPI,6,54.0,187.0,1004,0,0,0,0,0,0,0,0
2024,9,9,18,2413,BEBINCA,2,10.1,147.8,1002,0,0,0,0,0,0,0,0
2024,9,10,0,2413,BEBINCA,2,11.1,147.0,1002,0,0,0,0,0,0,0,0
2024,9,10,6,2413,BEBINCA,2,11.9,146.3,1000,0,0,0,0,0,0,0,0
2024,9,10,12,2413,BEBINCA,3,12.8,145.4,998,35,0,0,0,1,120,90,0
2024,9,10,18,2413,BEBINCA,3,13.5,144.2,998,35,0,0,0,1,120,90,0
2024,9,11,0,2413,BEBINCA,3,13.9,143.2,996,40,0,0,0,1,240,120,0
2024,9,11,6,2413,BEBINCA,3,14.5,142.3,996,40,0,0,0,1,240,120,0
2024,9,11,12,2413,BEBINCA,3,15.1,141.6,996,40,0,0,0,1,270,150,0
2024,9,11,18,2413,BEBINCA,3,16.4,140.8,996,40,0,0,0,1,270,150,0
2024,9,12,0,2413,BEBINCA,3,18.0,140.0,992,45,0,0,0,2,270,150,0
2024,9,12,6,2413,BEBINCA,3,19.2,139.6,992,45,0,0,0,2,270,150,0
2024,9,12,12,2413,BEBINCA,3,20.4,138.6,992,45,0,0,0,2,350,180,0
2024,9,12,18,2413,BEBINCA,3,21.1,137.6,992,40,0,0,0,2,350,180,0
2024,9,13,0,2413,BEBINCA,3,22.1,136.9,994,40,0,0,0,2,350,180,0
2024,9,13,6,2413,BEBINCA,3,23.4,135.6,990,45,0,0,0,2,350,180,0
2024,9,13,12,2413,BEBINCA,3,24.7,133.7,990,45,0,0,0,2,350,180,0
2024,9,13,18,2413,BEBINCA,4,25.3,132.6,985,50,0,0,0,1,300,150,0
2024,9,14,0,2413,BEBINCA,4,26.4,131.6,985,50,0,0,0,1,240,120,0
2024,9,14,3,2413,BEBINCA,4,26.9,130.8,980,55,9,30,30,1,180,120,0
2024,9,14,6,2413,BEBINCA,4,27.4,130.2,980,55,9,30,30,1,180,120,0
2024,9,14,9,2413,BEBINCA,4,27.8,129.5,980,55,9,30,30,1,180,120,0
2024,9,14,12,2413,BEBINCA,4,28.1,129.2,975,60,9,50,50,1,180,120,0
2024,9,14,15,2413,BEBINCA,4,28.5,128.6,975,60,9,50,50,1,180,120,0
2024,9,14,18,2413,BEBINCA,5,28.9,128.0,970,65,9,50,50,2,150,120,0
2024,9,15,0,2413,BEBINCA,5,29.6,127.2,965,75,9,50,50,2,150,120,0
2024,9,15,6,2413,BEBINCA,5,30.1,126.1,965,75,9,50,50,2,150,120,0
2024,9,15,12,2413,BEBINCA,5,30.4,124.8,965,75,9,50,50,9,120,120,0
2024,9,15,18,2413,BEBINCA,5,30.6,123.3,970,70,9,50,50,9,120,120,0
2024,9,16,0,2413,BEBINCA,5,31.0,121.8,980,65,9,50,50,9,120,120,0
2024,9,16,6,2413,BEBINCA,4,31.4,120.5,985,60,9,30,30,9,90,90,0
2024,9,16,12,2413,BEBINCA,4,31.7,119.3,992,50,0,0,0,9,90,90,0
2024,9,16,18,2413,BEBINCA,3,31.9,118.0,1000,35,0,0,0,9,90,90,0
2024,9,17,0,2413,BEBINCA,2,32.4,117.2,1004,0,0,0,0,0,0,0,0
2024,9,17,6,2413,BEBINCA,2,32.9,116.4,1004,0,0,0,0,0,0,0,0
2024,9,17,12,2413,BEBINCA,2,33.1,116.1,1006,0,0,0,0,0,0,0,0
2024,9,17,18,2413,BEBINCA,2,33.3,115.6,1008,0,0,0,0,0,0,0,0
2024,9,18,0,2413,BEBINCA,2,33.5,115.3,1008,0,0,0,0,0,0,0,0
2024,9,18,6,2413,BEBINCA,2,33.8,115.1,1008,0,0,0,0,0,0,0,0
2024,9,15,0,2414,PULASAN,2,12.1,144.6,1002,0,0,0,0,0,0,0,0
2024,9,15,6,2414,PULASAN,2,12.3,144.3,1000,0,0,0,0,0,0,0,0
2024,9,15,12,2414,PULASAN,3,12.8,144.3,1000,35,0,0,0,1,450,270,0
2024,9,15,18,2414,PULASAN,3,13.9,144.2,998,35,0,0,0,1,450,270,0
2024,9,16,0,2414,PULASAN,3,15.8,143.7,998,35,0,0,0,1,400,270,0
2024,9,16,6,2414,PULASAN,3,16.1,142.0,998,35,0,0,0,1,400,270,0
2024,9,16,12,2414,PULASAN,3,16.4,140.8,996,40,0,0,0,1,400,270,0
2024,9,16,18,2414,PULASAN,3,17.7,140.1,996,40,0,0,0,1,400,270,0
2024,9,17,0,2414,PULASAN,3,20.0,140.1,992,45,0,0,0,1,350,270,0
2024,9,17,6,2414,PULASAN,3,21.2,137.4,992,45,0,0,0,1,350,300,0
2024,9,17,12,2414,PULASAN,3,21.7,134.5,992,45,0,0,0,1,350,300,0
2024,9,17,18,2414,PULASAN,3,22.6,133.7,992,45,0,0,0,1,350,300,0
2024,9,18,0,2414,PULASAN,3,23.4,131.9,992,45,0,0,0,1,350,300,0
2024,9,18,6,2414,PULASAN,3,24.5,130.6,992,45,0,0,0,1,350,240,0
2024,9,18,12,2414,PULASAN,3,26.1,128.8,996,40,0,0,0,1,350,210,0
2024,9,18,18,2414,PULASAN,3,27.3,127.2,998,40,0,0,0,1,300,180,0
2024,9,19,0,2414,PULASAN,3,28.3,125.6,998,40,0,0,0,1,270,180,0
2024,9,19,6,2414,PULASAN,3,30.1,123.5,998,40,0,0,0,1,270,180,0
2024,9,19,12,2414,PULASAN,3,30.7,122.0,1000,35,0,0,0,1,270,180,0
2024,9,19,18,2414,PULASAN,3,31.3,120.9,1000,35,0,0,0,1,270,180,0
2024,9,20,0,2414,PULASAN,3,31.8,120.4,1000,35,0,0,0,1,240,180,0
2024,9,20,6,2414,PULASAN,3,32.0,120.4,1000,35,0,0,0,1,210,120,0
2024,9,20,12,2414,PULASAN,3,32.7,121.2,1000,35,0,0,0,1,210,120,0
2024,9,20,18,2414,PULASAN,3,33.2,122.3,998,40,0,0,0,9,180,180,0
2024,9,21,0,2414,PULASAN,3,33.6,123.7,998,40,0,0,0,9,180,180,0
2024,9,21,6,2414,PULASAN,6,33.9,125.3,1000,0,0,0,0,0,0,0,0
2024,9,21,12,2414,PULASAN,6,34.2,127.7,1002,0,0,0,0,0,0,0,0
2024,9,21,18,2414,PULASAN,6,36.0,132.6,1000,0,0,0,0,0,0,0,0
2024,9,22,0,2414,PULASAN,6,37.4,138.0,1000,0,0,0,0,0,0,0,0
2024,9,22,6,2414,PULASAN,6,38.8,143.1,1000,0,0,0,0,0,0,0,0
2024,9,22,12,2414,PULASAN,6,39.0,146.5,1000,0,0,0,0,0,0,0,0
2024,9,22,18,2414,PULASAN,6,39.7,149.7,1000,0,0,0,0,0,0,0,0
2024,9,23,0,2414,PULASAN,6,40.0,152.4,1002,0,0,0,0,0,0,0,0
2024,9,23,6,2414,PULASAN,6,41.2,156.5,1002,0,0,0,0,0,0,0,0
2024,9,23,12,2414,PULASAN,6,42.6,160.9,1004,0,0,0,0,0,0,0,0
2024,9,23,18,2414,PULASAN,6,43.6,165.1,1004,0,0,0,0,0,0,0,0
2024,9,24,0,2414,PULASAN,6,44.5,169.5,1004,0,0,0,0,0,0,0,0
2024,9,24,6,2414,PULASAN,6,45.0,172.8,1004,0,0,0,0,0,0,0,0
2024,9,24,12,2414,PULASAN,6,46.1,177.4,1004,0,0,0,0,0,0,0,0
2024,9,24,18,2414,PULASAN,6,46.1,182.7,1002,0,0,0,0,0,0,0,0
2024,9,15,0,2415,SOULIK,2,16.7,126.0,998,0,0,0,0,0,0,0,0
2024,9,15,6,2415,SOULIK,2,16.8,126.5,996,0,0,0,0,0,0,0,0
2024,9,15,12,2415,SOULIK,2,16.9,126.0,998,0,0,0,0,0,0,0,0
2024,9,15,18,2415,SOULIK,2,17.3,125.6,996,0,0,0,0,0,0,0,0
2024,9,16,0,2415,SOULIK,2,17.2,125.1,998,0,0,0,0,0,0,0,0
2024,9,16,6,2415,SOULIK,2,17.4,124.7,996,0,0,0,0,0,0,0,0
2024,9,16,12,2415,SOULIK,2,17.5,123.3,996,0,0,0,0,0,0,0,0
2024,9,16,18,2415,SOULIK,2,17.7,121.9,996,0,0,0,0,0,0,0,0
2024,9,17,0,2415,SOULIK,2,17.7,119.8,998,0,0,0,0,0,0,0,0
2024,9,17,6,2415,SOULIK,2,17.2,119.6,996,0,0,0,0,0,0,0,0
2024,9,17,12,2415,SOULIK,2,17.3,118.6,996,0,0,0,0,0,0,0,0
2024,9,17,18,2415,SOULIK,2,17.4,117.7,996,0,0,0,0,0,0,0,0
2024,9,18,0,2415,SOULIK,2,17.5,115.5,996,0,0,0,0,0,0,0,0
2024,9,18,6,2415,SOULIK,2,17.3,113.4,996,0,0,0,0,0,0,0,0
2024,9,18,12,2415,SOULIK,2,17.3,111.3,996,0,0,0,0,0,0,0,0
2024,9,18,18,2415,SOULIK,3,17.5,110.0,992,35,0,0,0,9,60,60,0
2024,9,19,0,2415,SOULIK,3,17.5,108.3,992,35,0,0,0,9,60,60,0
2024,9,19,6,2415,SOULIK,3,17.0,107.3,992,35,0,0,0,9,60,60,0
2024,9,19,12,2415,SOULIK,2,16.9,106.9,996,0,0,0,0,0,0,0,0
2024,9,19,18,2415,SOULIK,2,16.9,106.5,998,0,0,0,0,0,0,0,0
2024,9,20,0,2415,SOULIK,2,16.7,105.6,998,0,0,0,0,0,0,0,0
2024,9,20,6,2415,SOULIK,2,17.1,104.6,1000,0,0,0,0,0,0,0,0
2024,9,20,12,2415,SOULIK,2,17.1,103.9,1002,0,0,0,0,0,0,0,0
2024,9,23,6,2416,CIMARON,2,29.1,129.3,1008,0,0,0,0,0,0,0,0
2024,9,23,12,2416,CIMARON,2,28.7,131.3,1006,0,0,0,0,0,0,0,0
2024,9,23,18,2416,CIMARON,2,28.3,132.8,1004,0,0,0,0,0,0,0,0
2024,9,24,0,2416,CIMARON,2,27.9,133.6,1002,0,0,0,0,0,0,0,0
2024,9,24,6,2416,CIMARON,3,27.8,134.2,1000,35,0,0,0,9,90,90,0
2024,9,24,12,2416,CIMARON,3,27.9,135.1,998,35,0,0,0,9,120,120,0
2024,9,24,18,2416,CIMARON,3,28.0,135.4,998,35,0,0,0,9,150,150,0
2024,9,25,0,2416,CIMARON,3,28.4,134.9,998,35,0,0,0,9,180,180,0
2024,9,25,6,2416,CIMARON,3,28.2,133.9,998,35,0,0,0,9,180,180,0
2024,9,25,12,2416,CIMARON,3,27.8,133.3,998,35,0,0,0,9,180,180,0
2024,9,25,18,2416,CIMARON,3,28.0,132.9,998,35,0,0,0,9,150,150,0
2024,9,26,0,2416,CIMARON,3,28.2,132.4,998,35,0,0,0,9,150,150,0
2024,9,26,6,2416,CIMARON,2,28.0,132.0,1002,0,0,0,0,0,0,0,0
2024,9,26,12,2416,CIMARON,2,28.1,131.9,1004,0,0,0,0,0,0,0,0
2024,9,26,18,2416,CIMARON,2,28.5,132.2,1004,0,0,0,0,0,0,0,0
2024,9,27,0,2416,CIMARON,2,28.6,132.2,1004,0,0,0,0,0,0,0,0
2024,9,27,6,2416,CIMARON,2,28.8,132.7,1004,0,0,0,0,0,0,0,0
2024,9,27,12,2416,CIMARON,2,29.5,133.4,1006,0,0,0,0,0,0,0,0
2024,9,27,18,2416,CIMARON,6,31.0,133.5,1008,0,0,0,0,0,0,0,0
2024,9,28,0,2416,CIMARON,6,32.1,136.0,1010,0,0,0,0,0,0,0,0
2024,9,28,6,2416,CIMARON,6,32.7,137.2,1010,0,0,0,0,0,0,0,0
2024,9,28,12,2416,CIMARON,6,32.6,139.6,1012,0,0,0,0,0,0,0,0
2024,9,28,18,2416,CIMARON,6,32.6,140.7,1014,0,0,0,0,0,0,0,0
2024,9,29,0,2416,CIMARON,6,32.7,141.6,1016,0,0,0,0,0,0,0,0
2024,9,29,6,2416,CIMARON,6,32.7,141.5,1012,0,0,0,0,0,0,0,0
2024,9,29,12,2416,CIMARON,6,32.7,140.7,1014,0,0,0,0,0,0,0,0
2024,9,29,18,2416,CIMARON,6,32.6,140.4,1014,0,0,0,0,0,0,0,0
2024,9,30,0,2416,CIMARON,6,32.6,139.7,1012,0,0,0,0,0,0,0,0
2024,9,30,6,2416,CIMARON,6,32.3,138.5,1010,0,0,0,0,0,0,0,0
2024,9,25,18,2417,JEBI,2,14.8,148.9,1006,0,0,0,0,0,0,0,0
2024,9,26,0,2417,JEBI,2,15.4,148.0,1006,0,0,0,0,0,0,0,0
2024,9,26,6,2417,JEBI,2,16.0,147.5,1004,0,0,0,0,0,0,0,0
2024,9,26,12,2417,JEBI,2,16.4,147.0,1004,0,0,0,0,0,0,0,0
2024,9,26,18,2417,JEBI,2,16.8,146.6,1004,0,0,0,0,0,0,0,0
2024,9,27,0,2417,JEBI,3,17.2,146.1,1002,35,0,0,0,2,120,60,0
2024,9,27,6,2417,JEBI,3,17.7,145.8,1002,35,0,0,0,2,120,60,0
2024,9,27,12,2417,JEBI,3,18.7,145.3,1002,35,0,0,0,2,120,60,0
2024,9,27,18,2417,JEBI,3,19.4,144.6,1002,35,0,0,0,2,120,60,0
2024,9,28,0,2417,JEBI,3,20.1,143.3,1002,35,0,0,0,2,180,60,0
2024,9,28,6,2417,JEBI,3,20.7,142.8,1002,35,0,0,0,2,180,60,0
2024,9,28,12,2417,JEBI,3,21.7,142.8,1002,35,0,0,0,2,180,60,0
2024,9,28,18,2417,JEBI,3,22.2,142.0,1002,35,0,0,0,2,180,60,0
2024,9,29,0,2417,JEBI,3,23.0,141.9,1002,35,0,0,0,2,180,60,0
2024,9,29,6,2417,JEBI,3,23.8,141.2,1002,35,0,0,0,2,180,60,0
2024,9,29,12,2417,JEBI,3,24.4,140.8,1002,35,0,0,0,2,180,60,0
2024,9,29,18,2417,JEBI,3,24.9,140.7,1002,35,0,0,0,2,180,60,0
2024,9,30,0,2417,JEBI,3,26.2,140.6,1000,40,0,0,0,2,180,60,0
2024,9,30,6,2417,JEBI,3,27.9,140.8,994,45,0,0,0,2,180,60,0
2024,9,30,12,2417,JEBI,4,29.3,140.9,992,50,0,0,0,2,180,60,0
2024,9,30,18,2417,JEBI,4,30.8,141.1,990,55,9,20,20,2,210,90,0
2024,10,1,0,2417,JEBI,5,32.6,141.7,980,65,9,30,30,2,210,90,0
2024,10,1,6,2417,JEBI,5,34.8,142.3,980,65,3,40,30,3,180,90,0
2024,10,1,12,2417,JEBI,5,37.2,143.4,980,65,3,50,30,3,180,90,0
2024,10,1,18,2417,JEBI,5,39.2,145.6,980,65,3,50,30,3,180,90,0
2024,10,2,0,2417,JEBI,4,41.9,148.8,985,60,3,50,30,3,180,90,0
2024,10,2,6,2417,JEBI,4,45.1,153.3,990,50,0,0,0,3,180,90,0
2024,10,2,12,2417,JEBI,6,49.0,157.0,992,0,0,0,0,0,0,0,0
2024,10,2,18,2417,JEBI,6,51.7,162.2,994,0,0,0,0,0,0,0,0
2024,9,26,12,2418,KRATHON,2,21.7,127.5,1006,0,0,0,0,0,0,0,0
2024,9,26,18,2418,KRATHON,2,21.3,127.0,1004,0,0,0,0,0,0,0,0
2024,9,27,0,2418,KRATHON,2,20.7,126.6,1004,0,0,0,0,0,0,0,0
2024,9,27,6,2418,KRATHON,2,20.0,126.3,1002,0,0,0,0,0,0,0,0
2024,9,27,12,2418,KRATHON,2,19.4,126.0,1002,0,0,0,0,0,0,0,0
2024,9,27,18,2418,KRATHON,2,18.9,125.6,1000,0,0,0,0,0,0,0,0
2024,9,28,0,2418,KRATHON,3,18.5,125.3,998,35,0,0,0,4,180,120,0
2024,9,28,6,2418,KRATHON,3,18.3,125.1,996,40,0,0,0,4,180,120,0
2024,9,28,12,2418,KRATHON,4,18.3,124.8,990,50,0,0,0,9,180,180,0
2024,9,28,18,2418,KRATHON,4,18.4,124.5,985,55,9,50,50,2,210,180,0
2024,9,29,0,2418,KRATHON,4,18.7,124.3,980,60,2,70,50,2,240,180,0
2024,9,29,6,2418,KRATHON,5,19.3,123.8,970,70,2,70,50,2,240,180,0
2024,9,29,12,2418,KRATHON,5,19.8,122.8,965,75,2,70,50,2,270,180,0
2024,9,29,18,2418,KRATHON,5,19.9,122.4,950,85,2,70,50,2,270,180,0
2024,9,30,0,2418,KRATHON,5,20.1,122.0,935,95,2,70,50,2,240,150,0
2024,9,30,6,2418,KRATHON,5,20.5,121.2,935,95,2,70,50,2,240,150,0
2024,9,30,12,2418,KRATHON,5,20.5,120.4,935,95,2,70,50,2,210,150,0
2024,9,30,18,2418,KRATHON,5,20.6,120.0,935,100,2,70,50,3,210,150,0
2024,10,1,0,2418,KRATHON,5,20.6,119.6,920,105,2,70,50,3,210,150,0
2024,10,1,6,2418,KRATHON,5,20.9,119.5,920,105,3,70,50,5,210,180,0
2024,10,1,12,2418,KRATHON,5,21.2,119.3,925,100,3,80,60,9,180,180,0
2024,10,1,18,2418,KRATHON,5,21.4,119.2,935,95,3,80,60,9,180,180,0
2024,10,2,0,2418,KRATHON,5,21.6,119.3,940,90,9,65,65,9,180,180,0
2024,10,2,6,2418,KRATHON,5,21.9,119.4,950,85,9,60,60,9,150,150,0
2024,10,2,12,2418,KRATHON,5,22.0,119.5,955,80,3,50,40,9,120,120,0
2024,10,2,18,2418,KRATHON,5,22.2,119.7,975,65,9,30,30,9,120,120,0
2024,10,3,0,2418,KRATHON,4,22.4,120.0,985,55,9,15,15,9,60,60,0
2024,10,3,6,2418,KRATHON,4,22.6,120.4,985,50,0,0,0,9,30,30,0
2024,10,3,12,2418,KRATHON,2,22.8,120.6,1004,0,0,0,0,0,0,0,0
2024,10,4,18,2419,BARIJAT,2,11.6,148.2,1006,0,0,0,0,0,0,0,0
2024,10,5,0,2419,BARIJAT,2,12.2,147.6,1006,0,0,0,0,0,0,0,0
2024,10,5,6,2419,BARIJAT,2,13.2,147.1,1004,0,0,0,0,0,0,0,0
2024,10,5,12,2419,BARIJAT,2,14.6,146.7,1006,0,0,0,0,0,0,0,0
2024,10,5,18,2419,BARIJAT,2,15.8,146.6,1006,0,0,0,0,0,0,0,0
2024,10,6,0,2419,BARIJAT,2,16.6,145.6,1008,0,0,0,0,0,0,0,0
2024,10,6,6,2419,BARIJAT,3,17.8,145.2,1004,35,0,0,0,2,210,120,0
2024,10,6,12,2419,BARIJAT,3,18.5,145.4,1004,35,0,0,0,2,210,120,0
2024,10,6,18,2419,BARIJAT,3,19.4,145.7,1004,35,0,0,0,2,210,120,0
2024,10,7,0,2419,BARIJAT,3,20.9,146.0,1004,35,0,0,0,2,210,120,0
2024,10,7,6,2419,BARIJAT,3,21.8,146.6,1004,35,0,0,0,2,210,120,0
2024,10,7,12,2419,BARIJAT,3,23.0,147.1,1004,35,0,0,0,2,210,120,0
2024,10,7,18,2419,BARIJAT,3,23.4,147.2,1002,35,0,0,0,2,210,120,0
2024,10,8,0,2419,BARIJAT,3,23.9,147.0,1002,35,0,0,0,2,210,120,0
2024,10,8,6,2419,BARIJAT,3,24.0,147.0,1000,35,0,0,0,2,240,120,0
2024,10,8,12,2419,BARIJAT,3,24.0,147.4,1000,35,0,0,0,2,240,120,0
2024,10,8,18,2419,BARIJAT,3,24.6,148.2,1000,35,0,0,0,2,240,120,0
2024,10,9,0,2419,BARIJAT,3,25.9,149.0,1000,35,0,0,0,2,240,120,0
2024,10,9,6,2419,BARIJAT,3,27.6,149.4,998,35,0,0,0,2,210,120,0
2024,10,9,12,2419,BARIJAT,3,29.7,149.2,998,35,0,0,0,2,210,120,0
2024,10,9,18,2419,BARIJAT,3,31.5,149.3,996,35,0,0,0,2,210,120,0
2024,10,10,0,2419,BARIJAT,3,32.7,150.1,996,40,0,0,0,2,240,120,0
2024,10,10,6,2419,BARIJAT,3,34.7,150.9,994,40,0,0,0,2,240,120,0
2024,10,10,12,2419,BARIJAT,3,36.5,152.7,990,40,0,0,0,2,240,120,0
2024,10,10,18,2419,BARIJAT,3,39.2,154.2,985,45,0,0,0,2,240,150,0
2024,10,11,0,2419,BARIJAT,6,42.0,154.0,982,0,0,0,0,0,0,0,0
2024,10,11,6,2419,BARIJAT,6,44.6,154.0,980,0,0,0,0,0,0,0,0
2024,10,11,12,2419,BARIJAT,6,46.3,153.3,976,0,0,0,0,0,0,0,0
2024,10,11,18,2419,BARIJAT,6,47.5,153.4,978,0,0,0,0,0,0,0,0
2024,10,12,0,2419,BARIJAT,6,48.6,154.4,984,0,0,0,0,0,0,0,0
2024,10,12,6,2419,BARIJAT,6,48.9,155.6,988,0,0,0,0,0,0,0,0
2024,10,12,12,2419,BARIJAT,6,49.2,158.1,992,0,0,0,0,0,0,0,0
2024,10,12,18,2419,BARIJAT,6,49.9,160.9,996,0,0,0,0,0,0,0,0
2024,10,13,0,2419,BARIJAT,6,50.6,162.9,998,0,0,0,0,0,0,0,0
2024,10,13,6,2419,BARIJAT,6,51.7,164.2,1000,0,0,0,0,0,0,0,0
2024,10,13,12,2419,BARIJAT,6,52.9,163.0,1000,0,0,0,0,0,0,0,0
2024,10,13,18,2419,BARIJAT,6,53.1,160.9,998,0,0,0,0,0,0,0,0
2024,10,14,0,2419,BARIJAT,6,53.1,161.8,996,0,0,0,0,0,0,0,0
2024,10,14,6,2419,BARIJAT,6,52.5,163.3,996,0,0,0,0,0,0,0,0
2024,10,14,12,2419,BARIJAT,6,51.1,165.1,1000,0,0,0,0,0,0,0,0
2024,10,14,18,2419,BARIJAT,6,49.6,168.7,1000,0,0,0,0,0,0,0,0
2024,10,15,0,2419,BARIJAT,6,48.2,172.2,1000,0,0,0,0,0,0,0,0
2024,10,15,6,2419,BARIJAT,6,48.2,177.4,1000,0,0,0,0,0,0,0,0
2024,10,15,12,2419,BARIJAT,6,48.6,180.4,1000,0,0,0,0,0,0,0,0
2024,10,18,12,2420,TRAMI,2,13.2,141.0,1008,0,0,0,0,0,0,0,0
2024,10,18,18,2420,TRAMI,2,13.5,139.9,1006,0,0,0,0,0,0,0,0
2024,10,19,0,2420,TRAMI,2,13.7,139.3,1008,0,0,0,0,0,0,0,0
2024,10,19,6,2420,TRAMI,2,13.8,138.9,1004,0,0,0,0,0,0,0,0
2024,10,19,12,2420,TRAMI,2,14.2,138.2,1006,0,0,0,0,0,0,0,0
2024,10,19,18,2420,TRAMI,2,14.2,138.1,1004,0,0,0,0,0,0,0,0
2024,10,20,0,2420,TRAMI,2,14.2,137.5,1004,0,0,0,0,0,0,0,0
2024,10,20,6,2420,TRAMI,2,14.1,136.8,1002,0,0,0,0,0,0,0,0
2024,10,20,12,2420,TRAMI,2,14.0,135.3,1002,0,0,0,0,0,0,0,0
2024,10,20,18,2420,TRAMI,2,13.8,134.0,1000,0,0,0,0,0,0,0,0
2024,10,21,0,2420,TRAMI,2,14.1,132.3,1000,0,0,0,0,0,0,0,0
2024,10,21,6,2420,TRAMI,2,13.7,130.6,998,0,0,0,0,0,0,0,0
2024,10,21,12,2420,TRAMI,2,13.1,129.1,998,0,0,0,0,0,0,0,0
2024,10,21,18,2420,TRAMI,3,13.2,128.3,994,35,0,0,0,9,300,300,0
2024,10,22,0,2420,TRAMI,3,13.8,127.5,994,35,0,0,0,8,400,300,0
2024,10,22,6,2420,TRAMI,3,14.0,126.6,990,45,0,0,0,8,400,300,0
2024,10,22,12,2420,TRAMI,3,14.5,126.0,990,45,0,0,0,8,400,300,0
2024,10,22,18,2420,TRAMI,3,15.2,125.6,990,45,0,0,0,8,400,300,0
2024,10,23,0,2420,TRAMI,4,15.6,124.4,985,50,0,0,0,8,400,300,0
2024,10,23,6,2420,TRAMI,4,16.4,123.5,985,50,0,0,0,8,400,300,0
2024,10,23,12,2420,TRAMI,4,16.9,123.0,985,50,0,0,0,8,400,300,0
2024,10,23,18,2420,TRAMI,4,17.2,122.2,985,50,0,0,0,9,325,325,0
2024,10,24,0,2420,TRAMI,4,16.9,121.2,985,50,0,0,0,9,325,325,0
2024,10,24,6,2420,TRAMI,4,17.4,120.1,985,50,0,0,0,9,325,325,0
2024,10,24,12,2420,TRAMI,4,17.2,119.8,985,50,0,0,0,9,300,300,0
2024,10,24,18,2420,TRAMI,4,17.2,119.5,985,50,0,0,0,9,300,300,0
2024,10,25,0,2420,TRAMI,4,17.1,118.4,985,50,0,0,0,9,300,300,0
2024,10,25,6,2420,TRAMI,4,17.8,117.0,985,50,0,0,0,9,270,270,0
2024,10,25,12,2420,TRAMI,4,17.3,116.2,985,50,0,0,0,9,270,270,0
2024,10,25,18,2420,TRAMI,4,17.1,114.9,985,50,0,0,0,9,270,270,0
2024,10,26,0,2420,TRAMI,4,17.1,113.2,975,55,9,80,80,9,270,270,0
2024,10,26,6,2420,TRAMI,4,17.1,111.9,970,60,9,80,80,9,270,270,0
2024,10,26,12,2420,TRAMI,4,17.0,110.7,975,55,9,80,80,9,270,270,0
2024,10,26,18,2420,TRAMI,4,17.0,109.3,980,50,0,0,0,9,240,240,0
2024,10,27,0,2420,TRAMI,3,16.8,108.6,985,45,0,0,0,9,240,240,0
2024,10,27,6,2420,TRAMI,3,15.7,107.6,992,40,0,0,0,8,270,240,0
2024,10,27,12,2420,TRAMI,3,15.3,107.5,998,35,0,0,0,8,270,240,0
2024,10,27,18,2420,TRAMI,2,15.4,107.8,1002,0,0,0,0,0,0,0,0
2024,10,28,0,2420,TRAMI,2,15.6,108.0,1004,0,0,0,0,0,0,0,0
2024,10,28,6,2420,TRAMI,2,15.7,108.2,1002,0,0,0,0,0,0,0,0
2024,10,28,12,2420,TRAMI,2,16.2,108.4,1004,0,0,0,0,0,0,0,0
2024,10,28,18,2420,TRAMI,2,16.6,108.7,1004,0,0,0,0,0,0,0,0
2024,10,29,0,2420,TRAMI,2,16.7,109.0,1004,0,0,0,0,0,0,0,0
2024,10,29,6,2420,TRAMI,2,16.8,109.3,1004,0,0,0,0,0,0,0,0
2024,10,29,12,2420,TRAMI,2,16.9,109.5,1004,0,0,0,0,0,0,0,0
2024,10,24,0,2421,KONG-REY,2,12.7,150.1,1002,0,0,0,0,0,0,0,0
2024,10,24,6,2421,KONG-REY,2,13.0,148.3,1000,0,0,0,0,0,0,0,0
2024,10,24,12,2421,KONG-REY,2,13.5,147.1,1000,0,0,0,0,0,0,0,0
2024,10,24,18,2421,KONG-REY,3,13.5,145.7,998,35,0,0,0,2,375,270,0
2024,10,25,0,2421,KONG-REY,3,14.4,144.5,998,35,0,0,0,2,375,270,0
2024,10,25,6,2421,KONG-REY,3,14.9,142.6,998,35,0,0,0,2,375,270,0
2024,10,25,12,2421,KONG-REY,3,15.3,141.0,998,35,0,0,0,2,375,270,0
2024,10,25,18,2421,KONG-REY,3,16.4,139.7,996,35,0,0,0,2,400,270,0
2024,10,26,0,2421,KONG-REY,3,16.3,137.2,996,35,0,0,0,2,400,270,0
2024,10,26,6,2421,KONG-REY,3,16.6,135.3,994,35,0,0,0,2,400,270,0
2024,10,26,12,2421,KONG-REY,3,16.2,134.6,994,35,0,0,0,2,375,270,0
2024,10,26,18,2421,KONG-REY,3,16.0,133.3,994,40,0,0,0,2,350,270,0
2024,10,27,0,2421,KONG-REY,3,16.0,132.6,994,40,0,0,0,2,350,270,0
2024,10,27,6,2421,KONG-REY,3,16.1,131.8,990,45,0,0,0,2,325,270,0
2024,10,27,12,2421,KONG-REY,4,16.1,131.1,985,50,0,0,0,9,300,300,0
2024,10,27,18,2421,KONG-REY,4,16.5,130.3,985,50,0,0,0,9,300,300,0
2024,10,28,0,2421,KONG-REY,4,16.8,129.6,980,55,9,50,50,9,300,300,0
2024,10,28,6,2421,KONG-REY,4,16.6,128.9,975,60,9,50,50,9,300,300,0
2024,10,28,12,2421,KONG-REY,4,16.6,128.4,975,60,9,50,50,9,300,300,0
2024,10,28,18,2421,KONG-REY,5,17.2,128.0,970,65,9,80,80,9,300,300,0
2024,10,29,0,2421,KONG-REY,5,17.5,127.3,960,75,9,80,80,9,300,300,0
2024,10,29,6,2421,KONG-REY,5,17.9,126.7,950,80,9,80,80,9,300,300,0
2024,10,29,12,2421,KONG-REY,5,18.6,126.1,945,85,9,100,100,9,300,300,0
2024,10,29,18,2421,KONG-REY,5,18.9,125.4,935,90,9,100,100,9,300,300,0
2024,10,30,0,2421,KONG-REY,5,19.1,124.8,925,100,9,120,120,9,325,325,0
2024,10,30,6,2421,KONG-REY,5,19.8,124.3,935,95,9,120,120,9,325,325,0
2024,10,30,12,2421,KONG-REY,5,20.4,123.6,940,90,9,120,120,2,325,300,0
2024,10,30,18,2421,KONG-REY,5,21.0,122.8,940,90,9,120,120,2,325,300,0
2024,10,30,21,2421,KONG-REY,5,21.6,122.5,940,90,9,120,120,2,325,300,0
2024,10,31,0,2421,KONG-REY,5,21.9,122.1,950,85,9,110,110,2,325,300,0
2024,10,31,3,2421,KONG-REY,5,22.4,121.7,950,85,9,110,110,2,325,300,0
2024,10,31,6,2421,KONG-REY,5,23.2,121.3,960,75,9,90,90,2,325,270,0
2024,10,31,12,2421,KONG-REY,4,24.1,120.2,980,55,9,50,50,2,325,240,0
2024,10,31,18,2421,KONG-REY,3,25.0,120.2,990,45,0,0,0,2,350,210,0
2024,11,1,0,2421,KONG-REY,3,26.4,120.6,994,40,0,0,0,2,350,180,0
2024,11,1,6,2421,KONG-REY,3,28.3,121.6,996,40,0,0,0,2,325,150,0
2024,11,1,12,2421,KONG-REY,6,30.1,123.4,998,0,0,0,0,0,0,0,0
2024,11,1,18,2421,KONG-REY,6,31.1,125.4,1000,0,0,0,0,0,0,0,0
2024,11,2,0,2421,KONG-REY,6,31.0,128.0,1004,0,0,0,0,0,0,0,0
2024,11,2,18,2422,YINXING,2,8.2,140.0,1006,0,0,0,0,0,0,0,0
2024,11,3,0,2422,YINXING,2,8.9,139.0,1006,0,0,0,0,0,0,0,0
2024,11,3,6,2422,YINXING,2,9.9,138.1,1004,0,0,0,0,0,0,0,0
2024,11,3,12,2422,YINXING,3,11.0,136.1,1002,35,0,0,0,9,120,120,0
2024,11,3,18,2422,YINXING,3,11.4,134.5,998,40,0,0,0,8,150,120,0
2024,11,4,0,2422,YINXING,3,12.1,132.8,998,40,0,0,0,8,180,150,0
2024,11,4,6,2422,YINXING,3,12.9,131.4,996,45,0,0,0,9,120,120,0
2024,11,4,12,2422,YINXING,4,14.1,130.3,992,55,9,20,20,9,120,120,0
2024,11,4,18,2422,YINXING,5,15.3,128.9,985,65,9,20,20,9,120,120,0
2024,11,5,0,2422,YINXING,5,16.1,127.6,975,75,9,30,30,1,150,120,0
2024,11,5,6,2422,YINXING,5,17.1,126.4,975,75,9,40,40,1,150,120,0
2024,11,5,12,2422,YINXING,5,17.3,125.6,970,80,9,45,45,8,180,90,0
2024,11,5,18,2422,YINXING,5,17.8,125.0,970,80,9,50,50,8,210,90,0
2024,11,6,0,2422,YINXING,5,18.1,124.8,970,80,9,50,50,8,210,90,0
2024,11,6,6,2422,YINXING,5,18.1,124.4,965,85,5,60,50,8,180,90,0
2024,11,6,12,2422,YINXING,5,18.2,124.1,960,90,5,70,50,8,180,120,0
2024,11,6,18,2422,YINXING,5,18.3,123.6,950,95,5,70,50,8,180,120,0
2024,11,7,0,2422,YINXING,5,18.6,123.1,950,95,9,60,60,8,180,120,0
2024,11,7,6,2422,YINXING,5,18.5,122.4,945,100,9,60,60,8,180,120,0
2024,11,7,12,2422,YINXING,5,18.7,121.5,965,85,8,60,40,8,150,120,0
2024,11,7,18,2422,YINXING,5,18.6,120.5,970,80,8,60,40,8,150,120,0
2024,11,8,0,2422,YINXING,5,18.3,119.4,980,70,8,60,40,8,150,120,0
2024,11,8,6,2422,YINXING,5,18.4,118.1,980,70,9,60,60,8,150,120,0
2024,11,8,12,2422,YINXING,5,18.4,116.9,975,75,9,60,60,8,150,120,0
2024,11,8,18,2422,YINXING,5,18.6,115.9,970,80,9,60,60,8,150,120,0
2024,11,9,0,2422,YINXING,5,18.9,114.9,965,85,9,60,60,8,150,120,0
2024,11,9,6,2422,YINXING,5,19.0,114.1,965,85,9,60,60,8,150,120,0
2024,11,9,12,2422,YINXING,5,19.1,113.6,965,85,9,60,60,8,150,120,0
2024,11,9,18,2422,YINXING,5,19.2,113.3,965,85,9,60,60,8,150,120,0
2024,11,10,0,2422,YINXING,5,19.0,113.2,975,75,9,50,50,8,150,120,0
2024,11,10,6,2422,YINXING,5,19.0,113.0,980,70,9,50,50,8,150,120,0
2024,11,10,12,2422,YINXING,4,18.6,112.7,990,60,9,30,30,8,120,90,0
2024,11,10,18,2422,YINXING,4,17.9,112.3,994,50,0,0,0,8,120,90,0
2024,11,11,0,2422,YINXING,4,17.3,111.5,994,50,0,0,0,8,120,90,0
2024,11,11,6,2422,YINXING,4,16.4,111.0,994,50,0,0,0,8,120,90,0
2024,11,11,12,2422,YINXING,3,15.7,110.6,998,40,0,0,0,8,120,90,0
2024,11,11,18,2422,YINXING,3,14.9,110.0,1000,35,0,0,0,8,90,60,0
2024,11,12,0,2422,YINXING,3,14.3,109.7,1002,35,0,0,0,9,60,60,0
2024,11,12,6,2422,YINXING,2,14.1,109.4,1004,0,0,0,0,0,0,0,0
2024,11,12,12,2422,YINXING,2,14.0,108.7,1008,0,0,0,0,0,0,0,0
2024,11,8,6,2423,TORAJI,2,14.5,137.6,1006,0,0,0,0,0,0,0,0
2024,11,8,12,2423,TORAJI,2,14.5,136.0,1008,0,0,0,0,0,0,0,0
2024,11,8,18,2423,TORAJI,2,14.5,134.7,1008,0,0,0,0,0,0,0,0
2024,11,9,0,2423,TORAJI,2,14.5,133.3,1006,0,0,0,0,0,0,0,0
2024,11,9,6,2423,TORAJI,3,14.6,131.6,1002,35,0,0,0,2,120,90,0
2024,11,9,12,2423,TORAJI,3,14.7,130.3,1000,40,0,0,0,2,120,90,0
2024,11,9,18,2423,TORAJI,3,15.1,128.3,998,45,0,0,0,2,120,90,0
2024,11,10,0,2423,TORAJI,4,15.1,126.9,996,50,0,0,0,2,150,90,0
2024,11,10,6,2423,TORAJI,4,15.2,125.4,990,60,9,40,40,1,180,120,0
2024,11,10,12,2423,TORAJI,5,15.5,124.3,985,65,9,40,40,1,150,90,0
2024,11,10,18,2423,TORAJI,5,15.9,123.2,980,70,9,40,40,1,150,90,0
2024,11,11,0,2423,TORAJI,5,16.3,122.3,980,70,9,40,40,1,150,90,0
2024,11,11,6,2423,TORAJI,4,17.1,121.1,990,55,9,20,20,1,150,90,0
2024,11,11,12,2423,TORAJI,4,17.4,119.7,992,50,0,0,0,8,180,120,0
2024,11,11,18,2423,TORAJI,4,18.2,119.1,992,50,0,0,0,8,180,120,0
2024,11,12,0,2423,TORAJI,4,18.6,118.7,992,50,0,0,0,8,180,120,0
2024,11,12,6,2423,TORAJI,3,19.1,118.2,994,45,0,0,0,8,180,120,0
2024,11,12,12,2423,TORAJI,3,19.5,117.8,994,45,0,0,0,9,120,120,0
2024,11,12,18,2423,TORAJI,3,19.9,117.1,994,45,0,0,0,9,120,120,0
2024,11,13,0,2423,TORAJI,3,20.2,116.3,996,40,0,0,0,9,120,120,0
2024,11,13,6,2423,TORAJI,3,20.7,115.5,996,40,0,0,0,9,120,120,0
2024,11,13,12,2423,TORAJI,3,21.0,114.9,998,40,0,0,0,9,90,90,0
2024,11,13,18,2423,TORAJI,3,21.1,114.5,998,40,0,0,0,9,90,90,0
2024,11,14,0,2423,TORAJI,3,21.1,114.1,1000,35,0,0,0,9,60,60,0
2024,11,14,6,2423,TORAJI,3,21.2,113.9,1000,35,0,0,0,9,60,60,0
2024,11,14,12,2423,TORAJI,2,21.2,113.6,1004,0,0,0,0,0,0,0,0
2024,11,14,18,2423,TORAJI,2,21.1,113.1,1006,0,0,0,0,0,0,0,0
2024,11,15,0,2423,TORAJI,2,20.9,113.0,1008,0,0,0,0,0,0,0,0
2024,11,15,6,2423,TORAJI,2,20.6,113.2,1008,0,0,0,0,0,0,0,0
2024,11,15,12,2423,TORAJI,2,20.3,113.7,1008,0,0,0,0,0,0,0,0
2024,11,7,18,2424,MAN-YI,2,10.3,168.5,1008,0,0,0,0,0,0,0,0
2024,11,8,0,2424,MAN-YI,2,11.0,166.4,1008,0,0,0,0,0,0,0,0
2024,11,8,6,2424,MAN-YI,2,11.7,165.1,1006,0,0,0,0,0,0,0,0
2024,11,8,12,2424,MAN-YI,2,11.9,163.6,1008,0,0,0,0,0,0,0,0
2024,11,8,18,2424,MAN-YI,3,12.2,161.9,1004,35,0,0,0,1,120,90,0
2024,11,9,0,2424,MAN-YI,3,13.5,160.4,1004,35,0,0,0,1,120,90,0
2024,11,9,6,2424,MAN-YI,3,14.5,159.3,1004,35,0,0,0,1,120,90,0
2024,11,9,12,2424,MAN-YI,3,15.0,158.7,1002,40,0,0,0,1,120,90,0
2024,11,9,18,2424,MAN-YI,3,15.7,157.7,1000,45,0,0,0,8,120,90,0
2024,11,10,0,2424,MAN-YI,3,15.8,156.3,1000,45,0,0,0,8,120,90,0
2024,11,10,6,2424,MAN-YI,3,15.6,155.7,1000,45,0,0,0,8,120,90,0
2024,11,10,12,2424,MAN-YI,3,15.6,155.3,1000,45,0,0,0,9,120,120,0
2024,11,10,18,2424,MAN-YI,3,15.3,154.7,1000,45,0,0,0,9,120,120,0
2024,11,11,0,2424,MAN-YI,3,14.8,153.2,1000,45,0,0,0,9,120,120,0
2024,11,11,6,2424,MAN-YI,3,14.3,152.6,1000,45,0,0,0,9,120,120,0
2024,11,11,12,2424,MAN-YI,3,14.1,152.1,1000,45,0,0,0,9,120,120,0
2024,11,11,18,2424,MAN-YI,3,13.6,151.1,1000,45,0,0,0,9,120,120,0
2024,11,12,0,2424,MAN-YI,3,13.8,149.3,1000,45,0,0,0,9,120,120,0
2024,11,12,6,2424,MAN-YI,3,14.2,147.5,1002,40,0,0,0,9,120,120,0
2024,11,12,12,2424,MAN-YI,3,13.6,146.3,1002,40,0,0,0,9,120,120,0
2024,11,12,18,2424,MAN-YI,3,12.9,145.0,1002,40,0,0,0,9,120,120,0
2024,11,13,0,2424,MAN-YI,3,12.2,144.3,1002,40,0,0,0,9,120,120,0
2024,11,13,6,2424,MAN-YI,3,12.0,143.6,1002,40,0,0,0,9,120,120,0
2024,11,13,12,2424,MAN-YI,3,12.4,141.3,1002,40,0,0,0,9,120,120,0
2024,11,13,18,2424,MAN-YI,3,11.1,139.7,998,45,0,0,0,8,150,120,0
2024,11,14,0,2424,MAN-YI,4,10.6,138.0,992,55,9,30,30,8,180,150,0
2024,11,14,6,2424,MAN-YI,4,10.2,137.1,992,55,9,30,30,8,180,150,0
2024,11,14,12,2424,MAN-YI,4,10.5,135.4,992,55,9,30,30,8,180,150,0
2024,11,14,18,2424,MAN-YI,4,10.4,133.5,985,60,9,30,30,8,180,150,0
2024,11,15,0,2424,MAN-YI,5,10.5,131.9,975,70,9,50,50,8,180,150,0
2024,11,15,6,2424,MAN-YI,5,10.9,130.4,960,80,9,60,60,8,180,150,0
2024,11,15,12,2424,MAN-YI,5,11.4,129.0,955,85,9,60,60,8,180,150,0
2024,11,15,18,2424,MAN-YI,5,12.0,127.8,940,95,9,70,70,1,210,180,0
2024,11,16,0,2424,MAN-YI,5,12.6,126.7,920,105,9,70,70,1,210,180,0
2024,11,16,6,2424,MAN-YI,5,13.3,125.6,920,105,9,70,70,1,210,150,0
2024,11,16,12,2424,MAN-YI,5,13.9,124.6,920,105,9,70,70,1,210,150,0
2024,11,16,18,2424,MAN-YI,5,14.3,123.8,935,100,9,70,70,9,150,150,0
2024,11,17,0,2424,MAN-YI,5,15.0,122.9,935,100,9,70,70,9,150,150,0
2024,11,17,6,2424,MAN-YI,5,15.8,121.9,935,100,9,70,70,9,150,150,0
2024,11,17,12,2424,MAN-YI,5,16.5,120.7,955,85,9,50,50,9,150,150,0
2024,11,17,18,2424,MAN-YI,5,17.6,119.4,975,70,9,30,30,9,150,150,0
2024,11,18,0,2424,MAN-YI,5,18.1,118.4,980,65,9,25,25,8,150,120,0
2024,11,18,6,2424,MAN-YI,5,18.5,117.3,980,65,9,25,25,8,150,120,0
2024,11,18,12,2424,MAN-YI,4,18.9,116.0,985,60,9,25,25,8,150,120,0
2024,11,18,18,2424,MAN-YI,4,19.0,115.4,992,50,0,0,0,8,150,120,0
2024,11,19,0,2424,MAN-YI,3,19.0,114.7,998,45,0,0,0,8,120,90,0
2024,11,19,6,2424,MAN-YI,3,18.7,113.3,1004,35,0,0,0,8,120,90,0
2024,11,19,12,2424,MAN-YI,2,18.1,112.0,1010,0,0,0,0,0,0,0,0
2024,11,19,18,2424,MAN-YI,2,17.5,111.4,1012,0,0,0,0,0,0,0,0
2024,11,20,0,2424,MAN-YI,2,16.5,110.6,1012,0,0,0,0,0,0,0,0
2024,11,9,0,2425,USAGI,2,6.7,151.4,1008,0,0,0,0,0,0,0,0
2024,11,9,6,2425,USAGI,2,7.3,150.3,1006,0,0,0,0,0,0,0,0
2024,11,9,12,2425,USAGI,2,7.9,149.1,1006,0,0,0,0,0,0,0,0
2024,11,9,18,2425,USAGI,2,8.0,147.9,1006,0,0,0,0,0,0,0,0
2024,11,10,0,2425,USAGI,2,9.5,146.3,1006,0,0,0,0,0,0,0,0
2024,11,10,6,2425,USAGI,2,10.3,144.3,1006,0,0,0,0,0,0,0,0
2024,11,10,12,2425,USAGI,2,10.9,142.5,1006,0,0,0,0,0,0,0,0
2024,11,10,18,2425,USAGI,2,11.3,140.8,1004,0,0,0,0,0,0,0,0
2024,11,11,0,2425,USAGI,2,11.7,139.9,1004,0,0,0,0,0,0,0,0
2024,11,11,6,2425,USAGI,2,12.2,138.5,1004,0,0,0,0,0,0,0,0
2024,11,11,12,2425,USAGI,2,12.4,136.7,1004,0,0,0,0,0,0,0,0
2024,11,11,18,2425,USAGI,3,12.6,135.0,1002,35,0,0,0,8,180,120,0
2024,11,12,0,2425,USAGI,3,13.4,133.5,996,45,0,0,0,8,180,120,0
2024,11,12,6,2425,USAGI,4,14.0,131.9,992,50,0,0,0,8,180,150,0
2024,11,12,12,2425,USAGI,4,14.2,130.5,990,55,9,50,50,9,150,150,0
2024,11,12,18,2425,USAGI,4,14.6,129.0,990,55,9,50,50,9,150,150,0
2024,11,13,0,2425,USAGI,5,15.0,127.9,980,65,9,50,50,9,150,150,0
2024,11,13,6,2425,USAGI,5,15.7,126.4,970,75,9,50,50,9,150,150,0
2024,11,13,12,2425,USAGI,5,16.2,125.3,960,80,9,60,60,9,150,150,0
2024,11,13,18,2425,USAGI,5,16.6,124.0,950,90,9,60,60,9,150,150,0
2024,11,14,0,2425,USAGI,5,17.2,123.1,940,95,9,60,60,9,150,150,0
2024,11,14,6,2425,USAGI,5,17.8,122.2,955,85,9,50,50,9,120,120,0
2024,11,14,12,2425,USAGI,5,18.7,121.5,980,65,9,40,40,9,120,120,0
2024,11,14,18,2425,USAGI,4,19.3,120.9,985,60,9,30,30,9,120,120,0
2024,11,15,0,2425,USAGI,4,20.0,120.3,990,55,9,30,30,9,120,120,0
2024,11,15,6,2425,USAGI,4,20.9,120.1,992,50,0,0,0,2,120,100,0
2024,11,15,12,2425,USAGI,3,21.4,120.1,994,45,0,0,0,2,120,100,0
2024,11,15,18,2425,USAGI,3,21.9,120.2,998,40,0,0,0,2,120,100,0
2024,11,16,0,2425,USAGI,2,22.3,120.4,1006,0,0,0,0,0,0,0,0
2024,11,16,6,2425,USAGI,2,22.4,120.5,1006,0,0,0,0,0,0,0,0
2024,11,16,12,2425,USAGI,2,22.2,120.5,1008,0,0,0,0,0,0,0,0
2024,12,21,18,2426,PABUK,2,10.1,115.3,1004,0,0,0,0,0,0,0,0
2024,12,22,0,2426,PABUK,2,10.3,114.8,1006,0,0,0,0,0,0,0,0
2024,12,22,6,2426,PABUK,3,10.5,114.2,1002,35,0,0,0,6,270,120,0
2024,12,22,12,2426,PABUK,3,10.6,113.7,1002,35,0,0,0,6,270,120,0
2024,12,22,18,2426,PABUK,3,10.6,113.3,1002,35,0,0,0,6,270,120,0
2024,12,23,0,2426,PABUK,3,11.2,112.9,1002,35,0,0,0,8,270,120,0
2024,12,23,6,2426,PABUK,3,11.2,112.6,1002,35,0,0,0,8,270,120,0
2024,12,23,12,2426,PABUK,3,11.5,112.6,1002,35,0,0,0,7,240,120,0
2024,12,23,18,2426,PABUK,3,11.6,112.4,1002,35,0,0,0,7,240,120,0
2024,12,24,0,2426,PABUK,3,11.5,112.2,1002,35,0,0,0,7,240,120,0
2024,12,24,6,2426,PABUK,3,11.5,112.1,1002,35,0,0,0,7,240,120,0
2024,12,24,12,2426,PABUK,3,11.4,111.9,1002,35,0,0,0,7,240,120,0
2024,12,24,18,2426,PABUK,2,11.1,111.3,1006,0,0,0,0,0,0,0,0
2024,12,25,0,2426,PABUK,2,10.6,110.7,1006,0,0,0,0,0,0,0,0
2024,12,25,6,2426,PABUK,2,9.7,110.3,1006,0,0,0,0,0,0,0,0
2024,12,25,12,2426,PABUK,2,9.4,110.2,1008,0,0,0,0,0,0,0,0
